,AcresBurned,Date,Counties,Latitude,Longitude,Station_ID,Join_ID,STATION,DATE,LATITUDE,LONGITUDE,ELEVATION,NAME,TEMP,TEMP_ATTRIBUTES,DEWP,DEWP_ATTRIBUTES,SLP,SLP_ATTRIBUTES,STP,STP_ATTRIBUTES,VISIB,VISIB_ATTRIBUTES,WDSP,WDSP_ATTRIBUTES,MXSPD,GUST,MAX,MAX_ATTRIBUTES,MIN,MIN_ATTRIBUTES,PRCP,PRCP_ATTRIBUTES,SNDP,FRSHTT
0,1708.0,2013-06-16,Mariposa,37.58202,-119.91071000000001,99999953150,10,99999953150,2013-06-16,37.7592,-119.8208,2017.8,"YOSEMITE VILLAGE 12 W, CA US",59.3,24,9999.9,0,9999.9,0,999.9,0,999.9,0,999.9,0,999.9,999.9,67.8, ,52.9, ,0.0,G,999.9,0
1,712.0,2013-07-19,Kern,34.882,-118.9194,72383023187,12,72383023187,2013-07-19,34.7436,-118.7242,1374.6,"SANDBERG, CA US",80.5,24,33.8,24,1012.6,24,863.3,24,10.0,24,13.2,24,20.0,27.0,96.1, ,66.0, ,0.0,G,999.9,0
2,354.0,2013-05-03,San Benito,37.160346000000004,-120.937494,99999993243,18,99999993243,2013-05-03,37.2381,-120.8825,23.8,"MERCED 23 WSW, CA US",71.3,24,9999.9,0,9999.9,0,999.9,0,999.9,0,999.9,0,999.9,999.9,93.6, ,46.2, ,0.0,G,999.9,0
3,305.0,2013-10-04,Butte,39.439,-121.49700000000001,74504893210,19,74504893210,2013-10-04,39.49,-121.61833,57.9,"OROVILLE MUNICIPAL AIRPORT, CA US",66.2,24,27.4,24,1019.7,24,12.6,24,10.0,24,10.1,24,15.0,27.0,82.9, ,51.1, ,0.0,G,999.9,0
4,298.0,2013-06-03,Butte,39.434183000000004,-121.57680400000001,74504893210,20,74504893210,2013-06-03,39.49,-121.61833,57.9,"OROVILLE MUNICIPAL AIRPORT, CA US",80.8,24,51.1,24,1005.0,24,998.0,24,10.0,24,3.5,24,9.9,999.9,96.1, ,61.0, ,0.0,G,999.9,0
5,240.0,2013-06-08,Alameda,37.775057000000004,-121.73721299999998,72492723285,23,72492723285,2013-06-08,37.6927,-121.8144,119.8,"LIVERMORE MUNICIPAL AIRPORT, CA US",83.6,23,53.2,23,1005.7,23,991.9,23,10.0,23,4.0,23,17.1,999.9,107.1, ,54.0, ,0.0,G,999.9,0
6,200.0,2013-07-04,Tehama,40.012398,-122.079871,72591024216,26,72591024216,2013-07-04,40.1519,-122.2536,107.6,"RED BLUFF MUNICIPAL AIRPORT, CA US",97.7,24,48.6,24,1006.3,24,994.1,24,10.0,24,10.0,24,15.0,21.0,116.1, ,75.9, ,0.0,G,999.9,0
7,195.0,2013-07-19,Tehama,39.961309,-122.33087900000001,72591024216,27,72591024216,2013-07-19,40.1519,-122.2536,107.6,"RED BLUFF MUNICIPAL AIRPORT, CA US",83.2,24,46.2,24,1010.8,24,998.5,24,10.0,24,4.8,24,11.1,14.0,102.9, ,62.1, ,0.0,G,999.9,0
8,190.0,2013-11-21,Napa,38.382,-122.311,72495593227,28,72495593227,2013-11-21,38.2102,-122.2847,4.3,"NAPA CO AIRPORT, CA US",54.8,24,40.8,24,1012.3,20,11.1,24,10.0,24,6.1,24,22.0,36.9,64.0, ,48.9, ,0.42,G,999.9,10000
9,150.0,2013-07-16,Riverside,33.990128000000006,-117.164997,72286023119,32,72286023119,2013-07-16,33.9,-117.25,468.2,"MARCH AFB, CA US",76.6,24,43.4,24,1011.4,22,957.8,24,10.0,24,5.5,24,15.9,999.9,95.2, ,57.6, ,0.0,G,999.9,0
10,125.0,2013-05-01,Sonoma,38.638828000000004,-122.655616,72495723213,35,72495723213,2013-05-01,38.5038,-122.8102,34.7,"SANTA ROSA SONOMA CO AIRPORT, CA US",74.0,24,23.9,24,1012.1,24,7.5,24,9.1,24,9.3,24,15.9,25.1,90.0, ,51.1, ,0.0,G,999.9,0
11,124.0,2013-05-25,Riverside,33.963591,-117.18793400000001,72286023119,37,72286023119,2013-05-25,33.9,-117.25,468.2,"MARCH AFB, CA US",61.3,24,49.1,24,1014.6,20,960.3,24,9.8,24,4.5,24,11.1,15.9,77.9, ,50.0, ,0.0,G,999.9,0
12,108.0,2013-06-13,Fresno,36.772425,-119.62838899999998,72389093193,39,72389093193,2013-06-13,36.78,-119.7194,101.5,"FRESNO YOSEMITE INTERNATIONAL, CA US",77.1,24,39.3,24,1013.9,24,2.4,24,10.0,24,10.6,24,15.0,18.1,97.0, ,60.1, ,0.0,G,999.9,0
13,92.0,2013-08-01,Butte,39.6612,-121.50353999999999,74504893210,43,74504893210,2013-08-01,39.49,-121.61833,57.9,"OROVILLE MUNICIPAL AIRPORT, CA US",74.0,24,51.1,24,1014.4,24,7.3,24,10.0,24,8.3,23,12.0,999.9,93.0, ,60.1, ,0.0,G,999.9,0
14,90.0,2013-05-21,Riverside,33.9582,-116.6534,72286893138,44,72286893138,2013-05-21,33.8222,-116.5043,124.7,"PALM SPRINGS ASOS, CA US",89.0,24,33.0,24,1008.6,24,992.8,24,10.0,24,5.9,24,12.0,15.9,102.0, ,73.0, ,0.0,G,999.9,0
15,82.0,2013-11-22,Mendocino,39.0442,-123.1478,72590523275,45,72590523275,2013-11-22,39.12583,-123.20083000000001,183.2,"UKIAH MUNICIPAL AIRPORT, CA US",62.2,24,1.1,24,1016.0,24,993.8,24,10.0,24,8.3,24,15.9,25.1,77.0, ,46.0, ,0.0,G,999.9,0
16,73.0,2013-09-11,San Bernardino,34.003151,-117.106075,72286023119,48,72286023119,2013-09-11,33.9,-117.25,468.2,"MARCH AFB, CA US",70.2,24,56.9,24,1013.3,14,959.6,24,10.0,24,5.1,24,12.0,999.9,88.7, ,56.7, ,0.0,G,999.9,0
17,73.0,2013-07-08,Yuba,39.205999999999996,-121.31634,72483793216,49,72483793216,2013-07-08,39.13333,-121.43333,38.1,"BEALE AFB, CA US",78.2,24,45.2,24,1017.2,24,5.8,24,10.0,24,5.4,24,8.9,999.9,96.4, ,58.8, ,0.0,I,999.9,0
18,50.0,2013-08-15,Siskiyou,41.923322999999996,-122.57839299999999,72595524259,54,72595524259,2013-08-15,41.78139,-122.46806000000001,808.0,"MONTAGUE SISKIYOU AIRPORT, CA US",73.3,24,40.3,24,1014.4,22,922.4,24,8.6,24,4.7,24,15.0,19.0,93.9, ,50.0, ,0.0,G,999.9,0
19,50.0,2013-07-12,Santa Clara,37.1438,-121.7804,72494693232,55,72494693232,2013-07-12,37.33333,-121.81667,40.5,"SAN JOSE REID HILLVIEW AIRPORT, CA US",73.0,15,53.1,15,9999.9,0,8.2,15,10.0,15,6.8,15,12.0,999.9,84.2,*,57.2,*,0.0,I,999.9,0
20,50.0,2013-05-25,San Luis Obispo,35.5123,-120.6368,72396593209,57,72396593209,2013-05-25,35.6697,-120.6283,246.9,"PASO ROBLES MUNICIPAL AIRPORT, CA US",59.1,24,38.8,24,1015.0,23,985.8,24,10.0,24,9.1,24,15.0,20.0,80.1, ,39.0, ,0.0,G,999.9,0
21,45.0,2013-07-23,Mendocino,38.980846,-123.06767099999999,72590523275,59,72590523275,2013-07-23,39.12583,-123.20083000000001,183.2,"UKIAH MUNICIPAL AIRPORT, CA US",75.7,24,49.2,24,1013.5,24,991.6,24,10.0,24,3.9,24,11.1,20.0,98.1, ,55.9, ,0.0,G,999.9,0
22,42.0,2013-06-08,Riverside,33.969359999999995,-117.1265,72286023119,60,72286023119,2013-06-08,33.9,-117.25,468.2,"MARCH AFB, CA US",70.0,24,61.5,24,1009.1,21,955.4,24,7.9,24,5.9,24,12.0,999.9,87.8, ,53.4, ,0.0,G,999.9,100000
23,40.0,2013-12-31,Santa Clara,37.342186,-121.717706,72494693232,62,72494693232,2013-12-31,37.33333,-121.81667,40.5,"SAN JOSE REID HILLVIEW AIRPORT, CA US",51.8,16,37.2,16,9999.9,0,19.4,12,9.7,16,1.7,16,8.0,999.9,62.6,*,35.6,*,0.0,I,999.9,0
24,40.0,2013-07-19,Riverside,33.9634,-117.2508,72286023119,65,72286023119,2013-07-19,33.9,-117.25,468.2,"MARCH AFB, CA US",77.9,24,52.8,24,1011.3,24,957.8,24,10.0,24,4.6,24,11.1,999.9,97.5, ,55.6, ,0.0,G,999.9,0
25,40.0,2013-06-14,Riverside,34.001745,-117.302057,72286023119,66,72286023119,2013-06-14,33.9,-117.25,468.2,"MARCH AFB, CA US",69.4,24,56.8,24,1011.8,23,957.8,24,9.8,24,4.6,24,13.0,999.9,87.1,*,51.4,*,0.0,G,999.9,0
26,38.0,2013-07-06,Alameda,37.74241,-121.86216,72492723285,69,72492723285,2013-07-06,37.6927,-121.8144,119.8,"LIVERMORE MUNICIPAL AIRPORT, CA US",65.5,24,52.0,24,1007.4,24,993.3,24,10.0,24,8.0,24,17.1,999.9,84.0, ,55.9, ,0.0,G,999.9,0
27,35.0,2013-06-13,Fresno,36.763366999999995,-119.55824399999999,72389093193,70,72389093193,2013-06-13,36.78,-119.7194,101.5,"FRESNO YOSEMITE INTERNATIONAL, CA US",77.1,24,39.3,24,1013.9,24,2.4,24,10.0,24,10.6,24,15.0,18.1,97.0, ,60.1, ,0.0,G,999.9,0
28,30.0,2013-04-20,San Bernardino,34.288877,-116.94131100000001,72016599999,74,72016599999,2013-04-20,34.263619,-116.854475,2056.79,"WARNER SPRINGS GLIDERPORT, CA US",47.8,24,13.2,24,9999.9,0,999.9,0,10.0,24,5.2,24,13.0,18.1,64.4,*,30.2,*,0.0,I,999.9,0
29,28.0,2013-06-10,Sonoma,38.4229,-122.0437,72482893241,75,72482893241,2013-06-10,38.3775,-121.9575,33.2,"VACAVILLE NUT TREE AIRPORT, CA US",63.4,24,51.7,24,1010.2,23,6.3,24,10.0,24,12.3,24,17.1,24.1,82.9, ,57.9, ,0.0,G,999.9,0
30,28.0,2013-06-10,Solano,38.4229,-122.0437,72482893241,76,72482893241,2013-06-10,38.3775,-121.9575,33.2,"VACAVILLE NUT TREE AIRPORT, CA US",63.4,24,51.7,24,1010.2,23,6.3,24,10.0,24,12.3,24,17.1,24.1,82.9, ,57.9, ,0.0,G,999.9,0
31,28.0,2013-06-10,Lake,38.4229,-122.0437,72482893241,77,72482893241,2013-06-10,38.3775,-121.9575,33.2,"VACAVILLE NUT TREE AIRPORT, CA US",63.4,24,51.7,24,1010.2,23,6.3,24,10.0,24,12.3,24,17.1,24.1,82.9, ,57.9, ,0.0,G,999.9,0
32,28.0,2013-06-10,Colusa,38.4229,-122.0437,72482893241,78,72482893241,2013-06-10,38.3775,-121.9575,33.2,"VACAVILLE NUT TREE AIRPORT, CA US",63.4,24,51.7,24,1010.2,23,6.3,24,10.0,24,12.3,24,17.1,24.1,82.9, ,57.9, ,0.0,G,999.9,0
33,15.0,2013-07-19,Riverside,33.94528,-117.09306000000001,72286023119,81,72286023119,2013-07-19,33.9,-117.25,468.2,"MARCH AFB, CA US",77.9,24,52.8,24,1011.3,24,957.8,24,10.0,24,4.6,24,11.1,999.9,97.5, ,55.6, ,0.0,G,999.9,0
34,6488.0,2014-07-04,Yolo,38.512,-122.104,72482893241,85,72482893241,2014-07-04,38.3775,-121.9575,33.2,"VACAVILLE NUT TREE AIRPORT, CA US",75.5,24,51.9,24,1010.9,24,6.9,24,10.0,24,6.0,24,13.0,18.1,93.9, ,55.0, ,0.0,G,999.9,0
35,632.0,2014-05-13,Santa Barbara,34.609,-120.454,72289523243,97,72289523243,2014-05-13,34.66667,-120.46667,26.8,"LOMPOC AIRPORT, CA US",66.6,24,33.8,24,9999.9,0,14.9,24,10.0,24,5.3,24,14.0,21.0,91.4,*,46.4,*,0.0,I,999.9,0
36,516.0,2014-09-15,Siskiyou,41.423840000000006,-122.37432,72595724215,100,72595724215,2014-09-15,41.3325,-122.33278,1077.5,"MOUNT SHASTA, CA US",67.1,23,41.5,23,1013.6,23,891.8,23,10.0,23,0.8,22,4.1,999.9,90.0, ,46.9, ,0.0,G,999.9,0
37,247.0,2014-09-13,Nevada,39.113682,-120.999508,72026723224,104,72026723224,2014-09-13,38.95472,-121.08193999999999,466.6,"AUBURN MUNICIPAL AIRPORT, CA US",82.9,24,41.2,24,9999.9,0,999.9,0,10.0,24,6.4,24,11.1,999.9,96.8,*,71.6,*,0.0,I,999.9,0
38,225.0,2014-06-13,Tehama,40.009827,-122.345078,72591024216,105,72591024216,2014-06-13,40.1519,-122.2536,107.6,"RED BLUFF MUNICIPAL AIRPORT, CA US",75.1,24,36.0,24,1011.9,24,999.4,24,10.0,24,9.9,24,15.9,22.9,88.0, ,59.0, ,0.0,G,999.9,0
39,113.0,2014-04-19,Inyo,37.399,-118.352,72480023157,109,72480023157,2014-04-19,37.3711,-118.35799999999999,1250.3,"BISHOP AIRPORT, CA US",63.5,24,33.5,24,1010.2,24,871.1,24,10.0,24,4.9,24,14.0,22.9,82.9, ,41.0, ,0.0,G,999.9,0
40,84.0,2014-08-18,Nevada,39.3918,-120.0805,72584693201,111,72584693201,2014-08-18,39.32,-120.13944,1798.3,"TRUCKEE AIRPORT, CA US",59.9,24,30.0,24,9999.9,0,821.5,24,10.0,24,3.6,24,14.0,18.1,82.4,*,32.0,*,0.0,I,999.9,0
41,72.0,2014-07-14,Butte,39.4664,-121.6129,74504893210,114,74504893210,2014-07-14,39.49,-121.61833,57.9,"OROVILLE MUNICIPAL AIRPORT, CA US",89.2,24,56.8,24,1010.1,24,3.1,24,10.0,24,2.7,24,8.9,999.9,108.0, ,66.9, ,0.0,G,999.9,0
42,38.0,2014-07-07,Nevada,39.1871,-121.2687,72483793216,117,72483793216,2014-07-07,39.13333,-121.43333,38.1,"BEALE AFB, CA US",83.2,24,45.1,24,1017.8,24,6.5,23,10.0,24,4.8,24,11.1,999.9,101.1, ,59.4, ,0.0,H,999.9,10000
43,20.0,2014-09-25,El Dorado,38.9195001,-120.1140659,72584793230,119,72584793230,2014-09-25,38.8983,-119.9947,1924.5,"SOUTH LAKE TAHOE AIRPORT, CA US",60.3,24,31.1,24,1011.7,24,807.1,24,10.0,24,10.8,23,28.0,44.1,79.0, ,39.0, ,0.0,G,999.9,10000
44,2446.0,2015-08-16,San Luis Obispo,35.3477,-120.6269,72289793206,122,72289793206,2015-08-16,35.23722,-120.64138999999999,61.0,"SAN LUIS OBISPO MCCHESNEY FIELD, CA US",74.1,24,57.4,24,1011.4,24,4.2,24,10.0,24,4.5,24,15.0,999.9,91.9, ,55.9, ,0.0,G,999.9,0
45,2304.0,2015-07-25,Nevada,39.192088,-120.88231299999998,72584523225,123,72584523225,2015-07-25,39.2774,-120.7102,1608.1,"BLUE CANYON AIRPORT, CA US",64.8,24,34.7,24,1016.6,24,844.0,24,10.0,24,5.2,24,9.9,15.9,73.0, ,55.9, ,0.0,G,999.9,0
46,1049.0,2015-04-18,Riverside,33.884313,-117.64275900000001,72033353175,124,72033353175,2015-04-18,33.89765,-117.60243,162.5,"CORONA MUNICIPAL AIRPORT, CA US",63.1,24,32.2,24,1015.3,24,996.5,24,10.0,24,4.3,24,13.0,18.1,82.9,*,37.9,*,0.0,G,999.9,0
47,275.0,2015-05-11,Merced,37.08312,-121.06963,99999993243,127,99999993243,2015-05-11,37.2381,-120.8825,23.8,"MERCED 23 WSW, CA US",64.2,24,9999.9,0,9999.9,0,999.9,0,999.9,0,999.9,0,999.9,999.9,85.6, ,42.4, ,0.0,G,999.9,0
48,200.0,2015-07-17,Los Angeles,34.367,-117.68299999999999,72095299999,130,72095299999,2015-07-17,34.563889,-117.675,920.49,"GRAY BUTTE FIELD, CA US",80.0,20,30.9,20,1008.4,20,999.9,0,999.9,0,7.2,20,18.1,28.0,96.8,*,60.8,*,0.0,I,999.9,0
49,195.0,2015-07-30,Contra Costa,37.81629,-121.68113000000001,72492723285,131,72492723285,2015-07-30,37.6927,-121.8144,119.8,"LIVERMORE MUNICIPAL AIRPORT, CA US",78.7,24,52.9,24,1013.7,24,999.7,24,9.9,24,7.7,24,14.0,999.9,107.1, ,64.0, ,0.0,G,999.9,0
50,181.0,2015-07-13,Siskiyou,41.8048,-122.5029,72595524259,132,72595524259,2015-07-13,41.78139,-122.46806000000001,808.0,"MONTAGUE SISKIYOU AIRPORT, CA US",65.5,24,51.8,24,1017.3,24,924.5,24,10.0,24,4.0,24,14.0,999.9,84.9, ,50.0, ,0.02,G,999.9,0
51,171.0,2015-06-17,San Diego,32.9421,-116.8534,72290753143,133,72290753143,2015-06-17,32.82611,-116.9725,118.0,"GILLESPIE FIELD AIRPORT, CA US",71.4,21,57.3,21,9999.9,0,998.7,21,7.0,21,3.6,21,9.9,999.9,86.0,*,57.2,*,0.0,I,999.9,0
52,158.0,2015-06-18,Yuba,39.2688,-121.26471000000001,72483793216,135,72483793216,2015-06-18,39.13333,-121.43333,38.1,"BEALE AFB, CA US",79.2,24,47.6,24,1011.1,16,6.4,24,9.8,24,7.4,24,11.1,15.9,97.5, ,59.0, ,0.0,I,999.9,0
53,150.0,2015-07-06,Solano,38.4113,-122.0789,72482893241,136,72482893241,2015-07-06,38.3775,-121.9575,33.2,"VACAVILLE NUT TREE AIRPORT, CA US",75.8,24,54.9,24,1013.5,24,9.4,24,10.0,24,8.3,24,14.0,21.0,96.1, ,63.0, ,0.0,G,999.9,0
54,52.0,2015-08-01,Santa Barbara,34.9522,-120.2903,72394023273,153,72394023273,2015-08-01,34.8994,-120.4486,73.8,"SANTA MARIA PUBLIC AIRPORT, CA US",67.2,24,60.4,24,1015.7,19,7.1,24,8.4,24,6.4,23,14.0,999.9,80.1, ,61.0, ,0.0,G,999.9,0
55,30.0,2015-09-22,Nevada,39.080999999999996,-121.194,72026723224,158,72026723224,2015-09-22,38.95472,-121.08193999999999,466.6,"AUBURN MUNICIPAL AIRPORT, CA US",78.9,24,33.7,24,9999.9,0,999.9,0,10.0,24,6.9,24,12.0,15.9,93.2,*,69.8,*,0.0,I,999.9,0
56,26.0,2015-07-22,Placer,38.9361,-121.1548,72026723224,160,72026723224,2015-07-22,38.95472,-121.08193999999999,466.6,"AUBURN MUNICIPAL AIRPORT, CA US",78.0,24,49.6,24,9999.9,0,999.9,0,10.0,24,6.8,24,9.9,14.0,91.4,*,64.4,*,0.0,I,999.9,0
57,25.0,2015-07-16,San Diego,33.21407,-116.73472,74505653120,163,74505653120,2015-07-16,33.0375,-116.91583,424.6,"RAMONA AIRPORT, CA US",68.1,24,56.0,24,1012.7,20,964.1,24,7.2,24,4.5,24,12.0,15.0,87.1, ,54.0, ,0.0,G,999.9,100000
58,23.0,2015-07-04,Mendocino,39.0263,-123.303,72590523275,164,72590523275,2015-07-04,39.12583,-123.20083000000001,183.2,"UKIAH MUNICIPAL AIRPORT, CA US",81.4,24,55.0,24,1009.2,24,987.5,24,10.0,24,3.9,24,12.0,18.1,102.0, ,64.0, ,0.0,G,999.9,0
59,21.0,2015-07-12,Riverside,33.986204,-117.43942,72033353175,166,72033353175,2015-07-12,33.89765,-117.60243,162.5,"CORONA MUNICIPAL AIRPORT, CA US",71.2,24,57.5,24,1014.7,24,996.1,24,10.0,24,4.7,24,14.0,18.1,88.0, ,52.0, ,0.0,G,999.9,0
60,12518.0,2016-09-17,Santa Barbara,34.63445,-120.54421,72289523243,170,72289523243,2016-09-17,34.66667,-120.46667,26.8,"LOMPOC AIRPORT, CA US",60.7,24,55.2,24,1014.6,21,11.0,24,8.5,24,5.8,24,12.0,999.9,73.0, ,54.0, ,0.0,G,999.9,0
61,5731.0,2016-08-02,Yolo,38.52513,-122.06788,72482893241,173,72482893241,2016-08-02,38.3775,-121.9575,33.2,"VACAVILLE NUT TREE AIRPORT, CA US",74.1,24,52.2,24,1013.1,24,9.1,24,10.0,24,6.2,24,13.0,18.1,96.1, ,57.9, ,0.0,G,999.9,0
62,5646.0,2016-06-28,El Dorado,38.96741,-120.9375,72026723224,174,72026723224,2016-06-28,38.95472,-121.08193999999999,466.6,"AUBURN MUNICIPAL AIRPORT, CA US",86.2,24,46.3,24,9999.9,0,961.0,24,10.0,24,4.4,24,8.0,999.9,98.6,*,73.4,*,0.0,I,999.9,0
63,5646.0,2016-06-28,Placer,38.96741,-120.9375,72026723224,175,72026723224,2016-06-28,38.95472,-121.08193999999999,466.6,"AUBURN MUNICIPAL AIRPORT, CA US",86.2,24,46.3,24,9999.9,0,961.0,24,10.0,24,4.4,24,8.0,999.9,98.6,*,73.4,*,0.0,I,999.9,0
64,4824.0,2016-11-14,Los Angeles,34.31,-118.335,72288023152,177,72288023152,2016-11-14,34.200559999999996,-118.3575,225.9,"BURBANK GLENDALE PASADENA AIRPORT, CA US",71.2,24,34.2,24,1017.7,24,992.3,24,9.9,24,2.2,24,8.0,999.9,89.1, ,54.0, ,0.0,G,999.9,0
65,4474.0,2016-09-26,Santa Clara,37.106320000000004,-121.85318000000001,74505823277,178,74505823277,2016-09-26,36.935829999999996,-121.78861,48.8,"WATSONVILLE MUNICIPAL AIRPORT, CA US",73.4,22,45.3,22,1015.1,22,9.3,22,10.0,22,3.7,21,8.0,999.9,100.9, ,55.0, ,0.0,G,999.9,0
66,850.0,2016-09-05,Butte,39.6871,-121.571,74504893210,182,74504893210,2016-09-05,39.49,-121.61833,57.9,"OROVILLE MUNICIPAL AIRPORT, CA US",69.9,24,49.3,24,1008.9,24,1.8,24,10.0,24,2.9,24,6.0,999.9,87.1, ,54.0, ,0.0,G,999.9,0
67,710.0,2016-08-24,Siskiyou,41.7813,-122.611,72595524259,183,72595524259,2016-08-24,41.78139,-122.46806000000001,808.0,"MONTAGUE SISKIYOU AIRPORT, CA US",69.3,24,25.1,24,1019.2,24,926.6,24,10.0,24,4.0,24,14.0,999.9,93.0, ,46.0, ,0.0,G,999.9,0
68,360.0,2016-09-13,Tehama,40.30594,-122.1295,72591024216,187,72591024216,2016-09-13,40.1519,-122.2536,107.6,"RED BLUFF MUNICIPAL AIRPORT, CA US",65.9,24,50.1,24,1009.9,24,997.4,24,10.0,24,7.7,24,13.0,17.1,82.9, ,52.0, ,0.0,G,999.9,0
69,341.0,2016-07-12,Calaveras,38.08056,-120.81393999999999,72068199999,188,72068199999,2016-07-12,38.146118,-120.648172,403.86,"CALAVERAS CO MAURY RASMUSSEN FIELD, CA US",75.4,24,40.5,24,9999.9,0,999.9,0,10.0,24,4.1,24,11.1,14.0,92.1, ,55.6, ,0.0,I,999.9,0
70,278.0,2016-05-25,Fresno,36.88286,-119.654,72389093193,190,72389093193,2016-05-25,36.78,-119.7194,101.5,"FRESNO YOSEMITE INTERNATIONAL, CA US",65.6,24,47.1,24,1015.8,24,4.0,24,10.0,24,8.7,24,15.0,999.9,79.0, ,55.0, ,0.0,G,999.9,10000
71,215.0,2016-09-22,Santa Barbara,34.75134,-120.55297,72289523243,191,72289523243,2016-09-22,34.66667,-120.46667,26.8,"LOMPOC AIRPORT, CA US",57.9,24,50.2,24,1015.4,23,11.8,24,8.9,24,8.5,24,21.0,31.1,70.0, ,44.1, ,0.0,G,999.9,0
72,176.0,2016-10-14,El Dorado,38.934490000000004,-120.10744,72584793230,193,72584793230,2016-10-14,38.8983,-119.9947,1924.5,"SOUTH LAKE TAHOE AIRPORT, CA US",50.5,24,28.2,24,1011.2,19,805.8,24,7.8,24,16.8,24,28.0,48.0,66.0, ,33.1, ,0.0,G,999.9,10000
73,156.0,2016-05-23,Los Angeles,34.275999999999996,-118.354,72288023152,195,72288023152,2016-05-23,34.200559999999996,-118.3575,225.9,"BURBANK GLENDALE PASADENA AIRPORT, CA US",62.2,24,47.4,24,1012.4,24,986.8,24,10.0,24,5.9,24,12.0,17.1,71.1, ,50.0, ,0.0,G,999.9,0
74,139.0,2016-06-04,Riverside,33.476894,-117.140883,99999953151,197,99999953151,2016-06-04,33.4392,-117.1904,347.5,"FALLBROOK 5 NE, CA US",74.6,24,9999.9,0,9999.9,0,999.9,0,999.9,0,999.9,0,999.9,999.9,93.0, ,59.7, ,0.0,G,999.9,0
75,138.0,2016-07-15,Kern,35.607479999999995,-118.94811000000001,72384023155,198,72384023155,2016-07-15,35.4344,-119.0542,149.0,"BAKERSFIELD AIRPORT, CA US",90.4,24,43.2,24,1010.5,24,993.5,24,10.0,24,5.1,24,13.0,999.9,105.1, ,71.1, ,0.0,G,999.9,0
76,130.0,2016-09-22,Butte,39.4403,-121.42647,74504893210,199,74504893210,2016-09-22,39.49,-121.61833,57.9,"OROVILLE MUNICIPAL AIRPORT, CA US",65.6,24,42.8,24,1013.3,24,6.3,24,10.0,24,6.9,24,15.9,999.9,81.0, ,52.0, ,0.0,G,999.9,0
77,114.0,2016-07-30,Santa Clara,37.41896,-121.79668999999998,72494523293,201,72494523293,2016-07-30,37.3591,-121.92399999999999,15.5,"SAN JOSE, CA US",69.8,24,57.9,24,1009.0,22,7.4,24,9.9,24,6.3,24,12.0,999.9,84.0, ,60.1, ,0.0,G,999.9,0
78,112.0,2016-06-20,Butte,39.595,-121.6008,74504893210,202,74504893210,2016-06-20,39.49,-121.61833,57.9,"OROVILLE MUNICIPAL AIRPORT, CA US",78.6,24,49.8,24,1016.5,24,9.4,24,10.0,24,4.3,24,8.9,999.9,95.0, ,54.0, ,0.0,G,999.9,0
79,100.0,2016-09-25,Shasta,40.0,-121.93923000000001,72497393203,203,72497393203,2016-09-25,39.8,-121.85,82.9,"CHICO ARMY FLYING SCHOOL, CA US",78.2,23,30.9,23,9999.9,0,9.5,22,24.3,23,5.5,23,15.0,21.0,100.4,*,62.6,*,0.0,I,999.9,0
80,100.0,2016-07-22,Monterey,35.85093,-120.81081,72396593209,205,72396593209,2016-07-22,35.6697,-120.6283,246.9,"PASO ROBLES MUNICIPAL AIRPORT, CA US",76.6,24,42.1,24,1016.6,24,987.8,24,10.0,24,8.1,23,19.0,25.1,104.0, ,54.0, ,0.0,G,999.9,0
81,100.0,2016-07-18,San Diego,32.9612,-116.7945,72290753143,206,72290753143,2016-07-18,32.82611,-116.9725,118.0,"GILLESPIE FIELD AIRPORT, CA US",72.7,22,59.3,22,9999.9,0,2.3,22,9.7,22,2.7,22,12.0,999.9,87.8,*,62.6,*,0.0,I,999.9,0
82,91.0,2016-05-27,Butte,39.33035,-121.78973,74504893210,207,74504893210,2016-05-27,39.49,-121.61833,57.9,"OROVILLE MUNICIPAL AIRPORT, CA US",73.5,24,48.9,24,1013.2,24,6.1,24,10.0,24,3.9,24,8.0,14.0,86.0, ,57.0, ,0.0,G,999.9,0
83,88.0,2016-07-01,Tehama,40.07846,-122.2071,72591024216,209,72591024216,2016-07-01,40.1519,-122.2536,107.6,"RED BLUFF MUNICIPAL AIRPORT, CA US",89.5,24,52.1,24,1007.1,24,994.8,24,10.0,24,5.7,24,12.0,999.9,109.0, ,71.1, ,0.0,G,999.9,0
84,87.0,2016-07-10,Sacramento,38.517771999999994,-121.103642,72483323206,211,72483323206,2016-07-10,38.56667,-121.3,30.2,"SACRAMENTO MATHER AFB, CA US",68.6,15,46.3,15,9999.9,0,13.3,15,10.0,15,8.0,15,17.1,22.0,84.2,*,50.0,*,0.0,I,999.9,0
85,86.0,2016-06-27,San Luis Obispo,35.70821,-120.82266000000001,72396593209,212,72396593209,2016-06-27,35.6697,-120.6283,246.9,"PASO ROBLES MUNICIPAL AIRPORT, CA US",83.7,24,41.8,24,1013.1,24,984.6,24,10.0,24,6.9,24,17.1,999.9,109.0, ,55.0, ,0.0,G,999.9,0
86,80.0,2016-08-03,Tehama,40.19611,-122.26736000000001,72591024216,214,72591024216,2016-08-03,40.1519,-122.2536,107.6,"RED BLUFF MUNICIPAL AIRPORT, CA US",84.2,24,46.4,24,1012.0,24,999.6,24,10.0,24,5.7,24,9.9,999.9,105.1, ,61.0, ,0.0,G,999.9,0
87,70.0,2016-09-23,Fresno,36.6543,-119.5327,72389093193,217,72389093193,2016-09-23,36.78,-119.7194,101.5,"FRESNO YOSEMITE INTERNATIONAL, CA US",64.6,24,41.1,24,1017.3,24,5.5,24,10.0,24,6.8,24,14.0,999.9,79.0, ,52.0, ,0.0,G,999.9,0
88,70.0,2016-05-31,San Diego,33.41639,-117.08828999999999,99999953151,218,99999953151,2016-05-31,33.4392,-117.1904,347.5,"FALLBROOK 5 NE, CA US",61.9,24,9999.9,0,9999.9,0,999.9,0,999.9,0,999.9,0,999.9,999.9,75.6, ,55.6, ,0.0,G,999.9,0
89,57.0,2016-07-22,Solano,38.33475,-122.02564,72482893241,220,72482893241,2016-07-22,38.3775,-121.9575,33.2,"VACAVILLE NUT TREE AIRPORT, CA US",73.9,24,48.6,24,1017.2,24,13.2,24,10.0,24,4.8,23,15.0,21.0,96.1, ,52.0, ,0.0,G,999.9,0
90,50.0,2016-07-22,El Dorado,38.79549,-121.00299,72026723224,222,72026723224,2016-07-22,38.95472,-121.08193999999999,466.6,"AUBURN MUNICIPAL AIRPORT, CA US",77.5,24,38.8,24,9999.9,0,964.4,24,10.0,24,5.3,24,8.9,14.0,91.4,*,64.4,*,0.0,I,999.9,0
91,49.0,2016-06-21,Butte,39.43351,-121.6051,74504893210,223,74504893210,2016-06-21,39.49,-121.61833,57.9,"OROVILLE MUNICIPAL AIRPORT, CA US",82.2,24,46.9,24,1015.5,24,8.5,24,10.0,24,3.7,24,11.1,999.9,98.1, ,60.1, ,0.0,G,999.9,0
92,40.0,2016-09-11,Sacramento,38.558,-121.1309,72483323206,228,72483323206,2016-09-11,38.56667,-121.3,30.2,"SACRAMENTO MATHER AFB, CA US",70.1,14,52.1,14,9999.9,0,12.1,14,10.0,14,7.5,14,9.9,14.0,86.0,*,57.2,*,0.0,I,999.9,0
93,38.0,2016-09-07,Nevada,39.39051,-120.51886999999999,72584523225,230,72584523225,2016-09-07,39.2774,-120.7102,1608.1,"BLUE CANYON AIRPORT, CA US",67.3,24,26.2,24,1011.6,24,840.3,24,10.0,24,4.3,24,8.0,999.9,78.1, ,57.0, ,0.0,G,999.9,0
94,35.0,2016-07-12,Calaveras,37.96311,-120.67335,72068199999,233,72068199999,2016-07-12,38.146118,-120.648172,403.86,"CALAVERAS CO MAURY RASMUSSEN FIELD, CA US",75.4,24,40.5,24,9999.9,0,999.9,0,10.0,24,4.1,24,11.1,14.0,92.1, ,55.6, ,0.0,I,999.9,0
95,30.0,2016-05-29,Butte,39.624016999999995,-121.59509299999999,74504893210,236,74504893210,2016-05-29,39.49,-121.61833,57.9,"OROVILLE MUNICIPAL AIRPORT, CA US",78.2,24,48.5,24,1011.7,24,4.6,24,10.0,24,3.6,24,8.0,999.9,91.0, ,61.0, ,0.0,G,999.9,0
96,26.0,2016-07-19,Siskiyou,41.961909999999996,-122.59328000000001,72595524259,240,72595524259,2016-07-19,41.78139,-122.46806000000001,808.0,"MONTAGUE SISKIYOU AIRPORT, CA US",69.4,24,46.9,24,1016.9,24,924.5,24,10.0,24,6.1,23,9.9,999.9,84.0, ,55.9, ,0.0,G,999.9,0
97,25.0,2016-09-01,Santa Clara,37.11831,-121.69783999999999,74505823277,241,74505823277,2016-09-01,36.935829999999996,-121.78861,48.8,"WATSONVILLE MUNICIPAL AIRPORT, CA US",62.1,24,57.3,24,1014.5,18,9.0,24,8.3,23,3.3,24,8.9,999.9,78.1, ,52.0, ,0.0,G,999.9,0
98,25.0,2016-08-12,Santa Clara,37.06531,-121.68576999999999,74505823277,242,74505823277,2016-08-12,36.935829999999996,-121.78861,48.8,"WATSONVILLE MUNICIPAL AIRPORT, CA US",58.3,24,55.5,24,1017.3,16,11.5,24,8.0,24,3.1,24,8.9,999.9,64.9,*,53.6,*,0.0,G,999.9,0
99,23.0,2016-07-21,Siskiyou,41.71847,-122.36923999999999,72595524259,247,72595524259,2016-07-21,41.78139,-122.46806000000001,808.0,"MONTAGUE SISKIYOU AIRPORT, CA US",73.7,24,36.5,24,1016.1,24,924.0,24,10.0,24,7.5,24,18.1,25.1,90.0, ,48.9, ,0.0,G,999.9,0
100,20.0,2016-09-03,San Bernardino,34.25858,-117.4415,99999923122,248,99999923122,2016-09-03,34.095279999999995,-117.23472,353.3,"SAN BERNARDINO INTERNATIONAL AIRPORT, CA US",73.4,23,55.7,23,9999.9,0,970.0,23,6.3,23,4.7,23,11.1,999.9,89.6,*,63.9,*,0.0,I,999.9,0
101,0.0,2016-04-19,Los Angeles,34.6888731,-118.78925929999998,72383023187,249,72383023187,2016-04-19,34.7436,-118.7242,1374.6,"SANDBERG, CA US",68.2,24,25.9,24,1016.0,24,865.0,24,10.0,24,9.6,24,21.0,29.9,81.0, ,59.0, ,0.0,G,999.9,0
102,51624.0,2017-10-08,Napa,38.39206,-122.24367,72495593227,254,72495593227,2017-10-08,38.2102,-122.2847,4.3,"NAPA CO AIRPORT, CA US",62.2,24,45.0,24,1008.3,24,7.2,24,10.0,24,5.7,24,19.0,25.1,84.9, ,43.0, ,0.0,G,999.9,0
103,51624.0,2017-10-08,Solano,38.39206,-122.24367,72495593227,255,72495593227,2017-10-08,38.2102,-122.2847,4.3,"NAPA CO AIRPORT, CA US",62.2,24,45.0,24,1008.3,24,7.2,24,10.0,24,5.7,24,19.0,25.1,84.9, ,43.0, ,0.0,G,999.9,0
104,36807.0,2017-10-08,Napa,38.60895,-122.62879,72495723213,256,72495723213,2017-10-08,38.5038,-122.8102,34.7,"SANTA ROSA SONOMA CO AIRPORT, CA US",66.2,24,38.4,24,1008.1,24,3.4,24,10.0,24,6.2,24,18.1,26.0,89.1, ,39.9, ,0.0,G,999.9,0
105,36807.0,2017-10-08,Sonoma,38.60895,-122.62879,72495723213,257,72495723213,2017-10-08,38.5038,-122.8102,34.7,"SANTA ROSA SONOMA CO AIRPORT, CA US",66.2,24,38.4,24,1008.1,24,3.4,24,10.0,24,6.2,24,18.1,26.0,89.1, ,39.9, ,0.0,G,999.9,0
106,36523.0,2017-10-08,Mendocino,39.24873,-123.16635,72590523275,258,72590523275,2017-10-08,39.12583,-123.20083000000001,183.2,"UKIAH MUNICIPAL AIRPORT, CA US",61.0,24,41.5,22,1010.6,24,988.5,24,10.0,24,3.8,24,9.9,17.1,84.9, ,41.0, ,0.0,G,999.9,0
107,28687.0,2017-07-06,San Luis Obispo,35.0179,-120.3223,72394023273,259,72394023273,2017-07-06,34.8994,-120.4486,73.8,"SANTA MARIA PUBLIC AIRPORT, CA US",61.9,24,55.5,24,1016.4,21,7.6,24,6.3,24,4.5,24,11.1,999.9,78.1, ,52.0, ,0.0,G,999.9,100000
108,15619.0,2017-12-05,Los Angeles,34.31283,-118.35863,72288023152,262,72288023152,2017-12-05,34.200559999999996,-118.3575,225.9,"BURBANK GLENDALE PASADENA AIRPORT, CA US",61.3,24,3.8,24,1016.7,21,990.9,24,7.7,24,22.0,24,31.1,45.1,71.1, ,45.0, ,0.0,G,999.9,0
109,9989.0,2017-10-08,Yuba,39.321979999999996,-121.4021,72483793216,263,72483793216,2017-10-08,39.13333,-121.43333,38.1,"BEALE AFB, CA US",66.7,24,38.2,24,1008.3,24,4.0,24,9.3,24,9.2,24,24.1,32.1,86.9, ,49.1, ,0.0,I,999.9,0
110,9217.0,2017-10-09,Orange,33.87041,-117.70975,72033353175,264,72033353175,2017-10-09,33.89765,-117.60243,162.5,"CORONA MUNICIPAL AIRPORT, CA US",69.7,23,35.1,23,1011.7,23,991.8,23,8.5,23,9.1,23,21.0,29.9,86.0, ,43.0, ,0.0,G,999.9,0
111,8417.0,2017-10-08,Butte,39.624959999999994,-121.52966,74504893210,265,74504893210,2017-10-08,39.49,-121.61833,57.9,"OROVILLE MUNICIPAL AIRPORT, CA US",69.0,24,38.0,24,1009.4,24,2.3,24,9.9,24,7.2,24,20.0,28.0,88.0, ,52.0, ,0.0,G,999.9,0
112,7194.0,2017-09-01,Los Angeles,34.22957,-118.2674,72288023152,266,72288023152,2017-09-01,34.200559999999996,-118.3575,225.9,"BURBANK GLENDALE PASADENA AIRPORT, CA US",91.4,24,57.6,24,1006.9,21,982.1,24,10.0,24,4.8,24,12.0,22.9,108.0, ,77.0, ,0.0,G,999.9,10000
113,3874.0,2017-09-02,Riverside,33.974709999999995,-117.09983999999999,72286023119,269,72286023119,2017-09-02,33.9,-117.25,468.2,"MARCH AFB, CA US",89.0,24,58.1,24,1008.5,24,955.6,24,10.0,24,5.6,24,15.0,20.0,108.7, ,68.9, ,0.0,G,999.9,0
114,2289.0,2017-07-30,Tulare,36.0226,-118.94252,72389523149,271,72389523149,2017-07-30,36.02944,-119.0625,134.7,"PORTERVILLE MUNICIPAL AIRPORT, CA US",84.3,23,55.5,23,1014.6,23,998.3,21,10.0,23,5.8,23,9.9,14.0,102.9, ,66.0, ,0.0,I,999.9,0
115,2269.0,2017-07-06,Yolo,38.49521,-122.0251,72482893241,272,72482893241,2017-07-06,38.3775,-121.9575,33.2,"VACAVILLE NUT TREE AIRPORT, CA US",81.4,24,51.1,24,1015.2,24,11.2,24,10.0,24,3.8,24,11.1,15.9,106.0, ,57.9, ,0.0,G,999.9,0
116,1816.0,2017-07-08,Monterey,35.86949,-120.57893999999999,72396593209,274,72396593209,2017-07-08,35.6697,-120.6283,246.9,"PASO ROBLES MUNICIPAL AIRPORT, CA US",87.0,24,42.2,24,1011.1,24,982.8,24,10.0,24,7.0,24,17.1,999.9,109.9, ,60.1, ,0.0,G,999.9,0
117,1816.0,2017-07-08,San Luis Obispo,35.86949,-120.57893999999999,72396593209,275,72396593209,2017-07-08,35.6697,-120.6283,246.9,"PASO ROBLES MUNICIPAL AIRPORT, CA US",87.0,24,42.2,24,1011.1,24,982.8,24,10.0,24,7.0,24,17.1,999.9,109.9, ,60.1, ,0.0,G,999.9,0
118,1626.0,2017-07-06,Kern,35.59904,-119.08312,72384023155,277,72384023155,2017-07-06,35.4344,-119.0542,149.0,"BAKERSFIELD AIRPORT, CA US",89.1,24,56.1,24,1014.3,24,997.2,24,10.0,24,5.0,24,11.1,999.9,102.0, ,71.1, ,0.0,G,999.9,0
119,1598.0,2017-06-26,San Luis Obispo,35.4025,-120.4992,72289793206,278,72289793206,2017-06-26,35.23722,-120.64138999999999,61.0,"SAN LUIS OBISPO MCCHESNEY FIELD, CA US",63.5,24,52.5,24,1015.2,24,7.8,24,9.9,24,7.4,24,19.0,22.0,82.9, ,48.9, ,0.0,G,999.9,0
120,1350.0,2017-04-30,Riverside,34.00566,-117.30693000000001,72286023119,280,72286023119,2017-04-30,33.9,-117.25,468.2,"MARCH AFB, CA US",65.5,24,19.5,24,1017.3,16,963.2,20,10.0,24,5.1,24,14.0,22.0,87.1, ,41.7, ,0.0,G,999.9,0
121,1286.0,2017-07-26,Sacramento,38.5181,-121.104,72483323206,281,72483323206,2017-07-26,38.56667,-121.3,30.2,"SACRAMENTO MATHER AFB, CA US",76.1,21,51.7,21,9999.9,0,10.2,21,10.0,21,5.6,21,9.9,999.9,96.8,*,57.2,*,0.0,I,999.9,0
122,1044.0,2017-08-13,Riverside,33.98212,-117.30819,72286023119,284,72286023119,2017-08-13,33.9,-117.25,468.2,"MARCH AFB, CA US",76.1,24,57.1,24,1012.0,24,958.4,24,9.6,24,5.0,24,13.0,17.1,97.5, ,56.5, ,0.0,G,999.9,0
123,900.0,2017-07-16,Mendocino,39.30125,-123.28825,72590523275,287,72590523275,2017-07-16,39.12583,-123.20083000000001,183.2,"UKIAH MUNICIPAL AIRPORT, CA US",80.6,24,44.3,24,1013.6,24,991.8,24,10.0,24,3.1,24,9.9,15.0,100.9, ,57.9, ,0.0,G,999.9,0
124,867.0,2017-08-20,Yuba,39.1234,-121.32956999999999,72483793216,288,72483793216,2017-08-20,39.13333,-121.43333,38.1,"BEALE AFB, CA US",74.4,21,59.5,21,1009.0,21,4.8,21,10.0,21,4.7,21,11.1,15.9,95.5, ,61.5, ,0.0,I,999.9,0
125,866.0,2017-10-26,Riverside,33.602470000000004,-117.34192,99999953151,289,99999953151,2017-10-26,33.4392,-117.1904,347.5,"FALLBROOK 5 NE, CA US",79.5,24,9999.9,0,9999.9,0,999.9,0,999.9,0,999.9,0,999.9,999.9,97.9, ,66.7, ,0.0,G,999.9,0
126,775.0,2017-08-11,San Luis Obispo,35.7908,-120.77485,72396593209,292,72396593209,2017-08-11,35.6697,-120.6283,246.9,"PASO ROBLES MUNICIPAL AIRPORT, CA US",73.4,24,52.3,24,1012.0,23,983.3,24,9.0,24,4.6,24,15.0,999.9,102.9, ,55.0, ,0.0,G,999.9,100000
127,747.0,2017-07-10,Sierra,39.439721999999996,-120.027222,72584693201,294,72584693201,2017-07-10,39.32,-120.13944,1798.3,"TRUCKEE AIRPORT, CA US",64.2,21,36.0,21,9999.9,0,823.5,21,10.0,21,5.7,21,17.1,25.1,84.2,*,41.0,*,0.0,I,999.9,0
128,506.0,2017-05-20,Kern,35.4605,-118.85896000000001,72384023155,298,72384023155,2017-05-20,35.4344,-119.0542,149.0,"BAKERSFIELD AIRPORT, CA US",79.4,24,38.2,24,1012.2,24,994.9,24,10.0,24,6.5,24,14.0,17.1,96.1, ,55.9, ,0.0,G,999.9,0
129,460.0,2017-07-14,San Bernardino,34.09773,-117.10566999999999,72286023119,300,72286023119,2017-07-14,33.9,-117.25,468.2,"MARCH AFB, CA US",79.3,24,51.7,24,1014.8,23,961.1,24,10.0,24,5.7,24,13.0,15.9,95.7, ,61.0, ,0.0,G,999.9,0
130,444.0,2017-09-29,Santa Barbara,34.67403,-120.4393,72289523243,301,72289523243,2017-09-29,34.66667,-120.46667,26.8,"LOMPOC AIRPORT, CA US",60.0,23,56.4,23,1014.1,14,10.8,21,4.4,23,5.3,23,14.0,20.0,78.1, ,46.9, ,0.0,G,999.9,110000
131,429.0,2017-09-18,Madera,37.14624,-120.01550900000001,74504693242,302,74504693242,2017-09-18,36.98778,-120.11056,77.1,"MADERA MUNICIPAL AIRPORT, CA US",70.0,24,48.3,24,1012.4,24,3.5,24,10.0,24,6.2,24,12.0,999.9,91.9, ,53.1, ,0.0,G,999.9,0
132,422.0,2017-12-06,Los Angeles,34.09454,-118.48178,72287493134,303,72287493134,2017-12-06,34.0236,-118.2911,54.6,"LOS ANGELES DOWNTOWN USC, CA US",57.9,24,18.0,24,1020.4,24,13.7,24,9.8,24,0.3,24,4.1,999.9,75.0, ,44.1, ,0.0,G,999.9,0
133,416.0,2017-07-20,Tulare,36.22265,-119.06598000000001,72389523149,304,72389523149,2017-07-20,36.02944,-119.0625,134.7,"PORTERVILLE MUNICIPAL AIRPORT, CA US",79.0,23,52.1,23,1014.9,23,998.4,23,10.0,23,4.7,23,8.9,999.9,98.1, ,61.0, ,0.0,I,999.9,0
134,400.0,2017-07-11,San Diego,32.84796,-116.85396000000001,72290753143,305,72290753143,2017-07-11,32.82611,-116.9725,118.0,"GILLESPIE FIELD AIRPORT, CA US",75.8,21,62.9,21,9999.9,0,999.1,21,9.9,21,3.6,21,9.9,999.9,87.8,*,66.2,*,0.0,I,999.9,0
135,391.0,2017-10-16,Santa Cruz,37.18356,-122.07011999999999,72494523293,307,72494523293,2017-10-16,37.3591,-121.92399999999999,15.5,"SAN JOSE INTERNATIONAL AIRPORT, CA US",67.8,24,38.8,24,1019.4,24,17.8,24,10.0,24,2.1,24,6.0,999.9,86.0, ,48.0, ,0.0,G,999.9,0
136,370.0,2017-07-08,Contra Costa,38.02929,-122.25544,72495593227,309,72495593227,2017-07-08,38.2102,-122.2847,4.3,"NAPA CO AIRPORT, CA US",78.2,24,53.8,24,1011.3,24,10.2,24,9.6,24,6.5,24,14.0,999.9,100.0, ,53.1, ,0.0,G,999.9,0
137,340.0,2017-07-09,San Luis Obispo,35.42433,-120.47322,72289793206,310,72289793206,2017-07-09,35.23722,-120.64138999999999,61.0,"SAN LUIS OBISPO MCCHESNEY FIELD, CA US",66.3,24,53.7,24,1011.9,24,4.7,24,8.7,24,5.3,23,13.0,999.9,81.0,*,54.0,*,0.0,G,999.9,0
138,231.0,2017-07-08,Contra Costa,37.87808,-121.78676999999999,72492723285,315,72492723285,2017-07-08,37.6927,-121.8144,119.8,"LIVERMORE MUNICIPAL AIRPORT, CA US",83.9,24,45.0,24,1011.9,24,997.9,24,10.0,24,5.3,24,15.0,22.9,104.0, ,62.1, ,0.0,G,999.9,0
139,225.0,2017-05-18,San Luis Obispo,35.34541,-120.76463999999999,72289793206,316,72289793206,2017-05-18,35.23722,-120.64138999999999,61.0,"SAN LUIS OBISPO MCCHESNEY FIELD, CA US",60.3,24,45.6,24,1013.5,24,6.1,24,9.3,24,10.2,24,20.0,27.0,80.1, ,46.9, ,0.0,G,999.9,0
140,205.0,2017-07-04,Riverside,33.853229999999996,-117.48195,72033353175,317,72033353175,2017-07-04,33.89765,-117.60243,162.5,"CORONA MUNICIPAL AIRPORT, CA US",76.4,23,55.3,23,1015.1,23,995.3,23,9.8,23,5.4,21,12.0,15.9,97.0, ,52.0, ,0.0,G,999.9,0
141,200.0,2017-08-22,Alameda,37.725429999999996,-121.90516000000001,72492723285,318,72492723285,2017-08-22,37.6927,-121.8144,119.8,"LIVERMORE MUNICIPAL AIRPORT, CA US",69.1,24,55.9,24,1015.4,22,1.4,24,8.4,24,6.7,24,14.0,999.9,90.0, ,57.9, ,0.0,G,999.9,0
142,166.0,2017-07-10,Butte,39.37192,-121.53865,74504893210,323,74504893210,2017-07-10,39.49,-121.61833,57.9,"OROVILLE MUNICIPAL AIRPORT, CA US",86.1,24,51.0,23,1009.8,24,2.8,24,10.0,24,4.7,24,11.1,999.9,105.1, ,66.9, ,0.0,G,999.9,0
143,157.0,2017-06-07,Madera,37.127590000000005,-120.0193,74504693242,324,74504693242,2017-06-07,36.98778,-120.11056,77.1,"MADERA MUNICIPAL AIRPORT, CA US",76.1,24,45.2,24,1010.1,24,1.1,24,10.0,24,6.8,24,9.9,999.9,97.0, ,55.0, ,0.0,G,999.9,0
144,153.0,2017-06-18,Riverside,33.98639,-117.21314,72286023119,326,72286023119,2017-06-18,33.9,-117.25,468.2,"MARCH AFB, CA US",78.2,24,46.9,24,1009.2,24,955.8,24,10.0,24,4.6,24,11.1,15.0,98.6, ,54.5, ,0.0,G,999.9,0
145,150.0,2017-05-17,Madera,36.90967,-119.79315,72389093193,328,72389093193,2017-05-17,36.78,-119.7194,101.5,"FRESNO YOSEMITE INTERNATIONAL, CA US",63.2,24,46.7,24,1015.2,24,3.4,24,10.0,24,11.4,24,15.0,20.0,77.0, ,51.1, ,0.0,G,999.9,0
146,146.0,2017-09-19,Mendocino,39.02482,-123.1362,72590523275,329,72590523275,2017-09-19,39.12583,-123.20083000000001,183.2,"UKIAH MUNICIPAL AIRPORT, CA US",62.0,24,44.9,24,1015.7,24,993.5,24,10.0,24,7.3,24,15.9,24.1,73.9, ,51.1, ,0.0,G,999.9,0
147,135.0,2017-07-28,Los Angeles,34.792882,-118.85194299999999,72383023187,332,72383023187,2017-07-28,34.7436,-118.7242,1374.6,"SANDBERG, CA US",80.6,24,45.7,24,1013.5,24,864.2,24,10.0,24,12.2,24,19.0,26.0,93.9, ,69.1, ,0.0,G,999.9,0
148,122.0,2017-08-04,Riverside,34.009026,-117.239099,72286023119,336,72286023119,2017-08-04,33.9,-117.25,468.2,"MARCH AFB, CA US",82.2,24,64.2,24,1013.6,24,960.2,24,10.0,24,5.6,24,14.0,17.1,98.4, ,69.1, ,0.0,G,999.9,0
149,120.0,2017-09-03,San Luis Obispo,35.31886,-120.50886000000001,72289793206,337,72289793206,2017-09-03,35.23722,-120.64138999999999,61.0,"SAN LUIS OBISPO MCCHESNEY FIELD, CA US",85.5,24,60.2,24,1011.3,23,4.3,24,10.0,24,4.3,24,18.1,19.0,114.1, ,70.0, ,0.0,G,999.9,0
150,117.0,2017-07-17,Calaveras,38.291129999999995,-120.62177,72068199999,339,72068199999,2017-07-17,38.146118,-120.648172,403.86,"CALAVERAS CO MAURY RASMUSSEN FIELD, CA US",85.4,24,44.2,24,9999.9,0,999.9,0,10.0,24,4.8,24,14.0,20.0,101.5, ,64.2, ,0.0,I,999.9,0
151,116.0,2017-10-17,Alameda,37.7393,-121.85663000000001,72492723285,340,72492723285,2017-10-17,37.6927,-121.8144,119.8,"LIVERMORE MUNICIPAL AIRPORT, CA US",63.8,24,32.6,24,1017.9,24,3.7,24,8.6,24,2.0,24,7.0,999.9,84.9, ,46.9, ,0.0,G,999.9,0
152,111.0,2017-06-22,Butte,39.384159999999994,-121.5786,74504893210,341,74504893210,2017-06-22,39.49,-121.61833,57.9,"OROVILLE MUNICIPAL AIRPORT, CA US",93.2,24,56.2,24,1004.4,24,997.5,24,10.0,24,8.1,24,14.0,22.0,107.1, ,79.0, ,0.0,G,999.9,0
153,105.0,2017-09-26,San Luis Obispo,35.3024,-120.65279,72289793206,342,72289793206,2017-09-26,35.23722,-120.64138999999999,61.0,"SAN LUIS OBISPO MCCHESNEY FIELD, CA US",68.3,24,43.2,24,1009.3,23,2.0,24,10.0,24,4.4,24,15.9,999.9,90.0, ,51.1, ,0.0,G,999.9,0
154,101.0,2017-07-11,Santa Clara,37.39801,-121.8179,72494523293,345,72494523293,2017-07-11,37.3591,-121.92399999999999,15.5,"SAN JOSE INTERNATIONAL AIRPORT, CA US",69.6,24,56.2,24,1012.0,24,10.4,24,10.0,24,5.5,24,12.0,999.9,84.0, ,57.9, ,0.0,G,999.9,0
155,100.0,2017-09-03,Santa Clara,36.99092,-121.59898999999999,74505823277,349,74505823277,2017-09-03,36.9358,-121.7886,48.8,"WATSONVILLE MUNICIPAL AIRPORT, CA US",80.5,24,55.1,24,1011.4,24,5.8,24,9.8,24,3.8,24,8.9,999.9,93.9,*,71.1,*,0.0,G,999.9,0
156,91.0,2017-07-05,Fresno,36.95104,-119.65621000000002,72389093193,354,72389093193,2017-07-05,36.78,-119.7194,101.5,"FRESNO YOSEMITE INTERNATIONAL, CA US",85.7,24,49.4,24,1012.7,24,1.2,24,10.0,24,6.7,24,11.1,999.9,102.9, ,69.1, ,0.0,G,999.9,0
157,91.0,2017-06-06,Butte,39.52499,-121.64896999999999,74504893210,355,74504893210,2017-06-06,39.49,-121.61833,57.9,"OROVILLE MUNICIPAL AIRPORT, CA US",79.3,24,45.4,23,1010.8,24,3.8,24,10.0,24,4.2,24,8.9,15.9,93.9, ,60.1, ,0.0,G,999.9,0
158,90.0,2017-07-07,Madera,37.09773,-120.02027,74504693242,356,74504693242,2017-07-07,36.98778,-120.11056,77.1,"MADERA MUNICIPAL AIRPORT, CA US",85.4,24,54.0,24,1013.5,24,4.7,24,10.0,24,7.2,24,13.0,999.9,105.1, ,64.9, ,0.0,G,999.9,0
159,85.0,2017-06-29,Santa Clara,37.3344,-121.71752,72494693232,359,72494693232,2017-06-29,37.33333,-121.81667,40.5,"SAN JOSE REID HILLVIEW AIRPORT, CA US",69.5,14,53.1,14,9999.9,0,10.3,11,8.9,14,7.6,14,12.0,999.9,78.8,*,57.2,*,0.0,I,999.9,0
160,82.0,2017-08-07,Monterey,35.86596,-120.64583999999999,72396593209,360,72396593209,2017-08-07,35.6697,-120.6283,246.9,"PASO ROBLES MUNICIPAL AIRPORT, CA US",70.5,24,53.7,24,1012.6,24,983.8,24,10.0,24,6.5,24,15.9,20.0,93.9, ,55.0, ,0.0,G,999.9,0
161,79.0,2017-05-31,Tulare,35.89423,-119.00334,72389523149,362,72389523149,2017-05-31,36.02944,-119.0625,134.7,"PORTERVILLE MUNICIPAL AIRPORT, CA US",70.2,23,50.4,23,1012.7,23,995.6,19,9.9,23,5.5,23,9.9,999.9,90.0, ,60.1, ,0.0,H,999.9,10000
162,74.0,2017-09-26,San Luis Obispo,35.5956,-120.56068,72396593209,366,72396593209,2017-09-26,35.6697,-120.6283,246.9,"PASO ROBLES MUNICIPAL AIRPORT, CA US",66.9,24,33.1,24,1010.1,24,981.2,24,10.0,24,3.1,24,8.9,999.9,91.0, ,42.1, ,0.0,G,999.9,0
163,74.0,2017-07-08,El Dorado,38.7803,-120.97111000000001,72026723224,367,72026723224,2017-07-08,38.95472,-121.08193999999999,466.6,"AUBURN MUNICIPAL AIRPORT, CA US",87.8,24,44.6,24,9999.9,0,959.3,24,10.0,24,3.8,24,8.9,15.9,100.4,*,68.0,*,0.0,I,999.9,0
164,74.0,2017-07-07,San Bernardino,34.07612,-117.06765,72286023119,368,72286023119,2017-07-07,33.9,-117.25,468.2,"MARCH AFB, CA US",86.3,24,53.4,24,1011.9,24,958.6,24,10.0,24,4.8,24,13.0,999.9,107.6, ,63.9, ,0.0,G,999.9,0
165,72.0,2017-07-18,Riverside,33.75526,-117.25075,72286023119,369,72286023119,2017-07-18,33.9,-117.25,468.2,"MARCH AFB, CA US",78.4,24,60.0,22,1012.4,24,958.8,24,9.8,24,4.8,24,13.0,17.1,95.2, ,63.7, ,0.0,G,999.9,0
166,70.0,2017-07-10,Santa Clara,37.25014,-121.68562,72494693232,371,72494693232,2017-07-10,37.33333,-121.81667,40.5,"SAN JOSE REID HILLVIEW AIRPORT, CA US",78.7,15,54.3,15,9999.9,0,7.9,15,10.0,15,5.1,15,9.9,999.9,89.6,*,60.8,*,0.0,I,999.9,0
167,58.0,2017-07-07,San Luis Obispo,35.346,-120.62825,72289793206,373,72289793206,2017-07-07,35.23722,-120.64138999999999,61.0,"SAN LUIS OBISPO MCCHESNEY FIELD, CA US",70.8,24,52.9,24,1013.4,24,6.2,24,10.0,24,7.1,24,22.0,27.0,91.9, ,53.1, ,0.0,G,999.9,0
168,57.0,2017-07-28,Tehama,40.1583,-122.3209,72591024216,374,72591024216,2017-07-28,40.1519,-122.2536,107.6,"RED BLUFF MUNICIPAL AIRPORT, CA US",87.9,24,53.8,24,1009.9,24,997.6,24,10.0,24,5.2,24,11.1,999.9,104.0, ,68.0, ,0.0,G,999.9,0
169,56.0,2017-06-18,Siskiyou,41.93006,-122.36545,72595524259,375,72595524259,2017-06-18,41.78139,-122.46806000000001,808.0,"MONTAGUE SISKIYOU AIRPORT, CA US",73.0,24,51.7,24,1018.8,24,926.3,24,10.0,24,6.5,24,15.9,999.9,96.1, ,50.0, ,0.0,G,999.9,0
170,55.0,2017-09-23,Solano,38.4446,-122.0041,72482893241,376,72482893241,2017-09-23,38.3775,-121.9575,33.2,"VACAVILLE NUT TREE AIRPORT, CA US",68.0,24,33.9,24,1012.1,24,8.1,24,10.0,24,8.3,24,17.1,27.0,82.0, ,46.0, ,0.0,G,999.9,0
171,54.0,2017-08-28,Siskiyou,41.222,-122.292,72595724215,378,72595724215,2017-08-28,41.3325,-122.33278,1077.5,"MOUNT SHASTA, CA US",75.2,24,41.8,24,1016.7,21,895.2,24,6.6,24,1.4,24,4.1,999.9,98.1, ,50.0, ,0.0,G,999.9,0
172,54.0,2017-08-28,Siskiyou,41.222,-122.27498999999999,72595724215,379,72595724215,2017-08-28,41.3325,-122.33278,1077.5,"MOUNT SHASTA, CA US",75.2,24,41.8,24,1016.7,21,895.2,24,6.6,24,1.4,24,4.1,999.9,98.1, ,50.0, ,0.0,G,999.9,0
173,54.0,2017-06-21,Santa Clara,37.334540000000004,-121.76323000000001,72494523293,380,72494523293,2017-06-21,37.3591,-121.92399999999999,15.5,"SAN JOSE INTERNATIONAL AIRPORT, CA US",70.4,24,57.1,24,1008.9,24,7.2,24,10.0,24,6.1,24,15.9,999.9,91.0, ,59.0, ,0.0,G,999.9,0
174,51.0,2017-07-26,Santa Clara,37.44485,-121.84108,72494523293,381,72494523293,2017-07-26,37.3591,-121.92399999999999,15.5,"SAN JOSE INTERNATIONAL AIRPORT, CA US",69.1,24,58.0,24,1015.7,23,14.1,24,10.0,24,5.9,24,12.0,17.1,82.0, ,60.1, ,0.0,G,999.9,0
175,50.0,2017-09-11,San Mateo,37.41591,-122.3001,72493723289,385,72493723289,2017-09-11,37.46667,-122.11667,2.1,"PALO ALTO, CA US",79.5,13,63.2,13,9999.9,0,11.7,13,10.0,13,7.3,13,9.9,999.9,87.8,*,71.6,*,0.0,I,999.9,0
176,50.0,2017-07-17,Santa Barbara,34.72379,-120.13248999999999,72376293244,386,72376293244,2017-07-17,34.60694,-120.07556000000001,204.5,"SANTA YNEZ AIRPORT, CA US",74.4,24,55.3,24,9999.9,0,986.7,24,9.0,24,3.9,24,13.0,17.1,93.2,*,57.2,*,0.0,I,999.9,0
177,47.0,2017-07-20,San Luis Obispo,35.06472,-120.5634,72289793206,392,72289793206,2017-07-20,35.23722,-120.64138999999999,61.0,"SAN LUIS OBISPO MCCHESNEY FIELD, CA US",62.9,24,53.7,24,1016.1,21,8.7,24,9.3,24,5.0,24,14.0,999.9,79.0, ,52.0, ,0.0,G,999.9,0
178,46.0,2017-06-06,Siskiyou,41.8721,-122.4571,72595524259,394,72595524259,2017-06-06,41.78139,-122.46806000000001,808.0,"MONTAGUE SISKIYOU AIRPORT, CA US",68.5,24,39.7,24,1013.4,24,921.0,24,10.0,24,4.4,23,11.1,999.9,88.0, ,39.0, ,0.0,G,999.9,0
179,45.0,2017-12-21,Riverside,33.9885,-117.38417,72286023119,395,72286023119,2017-12-21,33.9,-117.25,468.2,"MARCH AFB, CA US",50.2,24,15.1,24,1017.5,24,962.3,24,10.0,24,11.4,24,22.0,28.0,58.3,*,44.6,*,0.0,I,999.9,0
180,45.0,2017-10-09,San Luis Obispo,35.28738,-120.44448,72289793206,396,72289793206,2017-10-09,35.23722,-120.64138999999999,61.0,"SAN LUIS OBISPO MCCHESNEY FIELD, CA US",61.8,24,49.5,24,1009.9,24,2.5,24,9.0,24,3.0,24,11.1,999.9,81.0, ,48.0, ,0.0,G,999.9,0
181,42.0,2017-06-24,Tehama,40.10282,-122.27378999999999,72591024216,399,72591024216,2017-06-24,40.1519,-122.2536,107.6,"RED BLUFF MUNICIPAL AIRPORT, CA US",91.8,24,55.3,24,1009.5,24,997.2,24,10.0,24,5.7,24,13.0,999.9,111.9, ,73.0, ,0.0,G,999.9,0
182,40.0,2017-12-04,Riverside,33.965140000000005,-117.4764,72033353175,402,72033353175,2017-12-04,33.89765,-117.60243,162.5,"CORONA MUNICIPAL AIRPORT, CA US",55.9,24,32.7,24,1016.2,19,995.7,22,7.2,24,7.4,22,17.1,25.1,70.0, ,37.0, ,0.0,G,999.9,110000
183,40.0,2017-11-14,Riverside,33.90327,-116.50151000000001,72286893138,403,72286893138,2017-11-14,33.8222,-116.5043,124.7,"PALM SPRINGS ASOS, CA US",72.3,24,33.6,24,1016.0,24,999.9,24,10.0,24,3.0,24,6.0,999.9,88.0, ,57.9, ,0.0,G,999.9,0
184,36.0,2017-06-25,San Diego,33.1683,-116.77342,74505653120,412,74505653120,2017-06-25,33.0375,-116.91583,424.6,"RAMONA AIRPORT, CA US",78.7,24,60.3,24,1010.7,24,962.4,24,10.0,24,4.8,24,13.0,999.9,102.0, ,57.9, ,0.0,G,999.9,0
185,35.0,2017-07-04,Riverside,33.993159999999996,-117.48405,72033353175,415,72033353175,2017-07-04,33.89765,-117.60243,162.5,"CORONA MUNICIPAL AIRPORT, CA US",76.4,23,55.3,23,1015.1,23,995.3,23,9.8,23,5.4,21,12.0,15.9,97.0, ,52.0, ,0.0,G,999.9,0
186,35.0,2017-05-21,Riverside,33.96419,-117.20506999999999,72286023119,416,72286023119,2017-05-21,33.9,-117.25,468.2,"MARCH AFB, CA US",74.5,24,31.3,24,1011.3,24,957.7,24,10.0,24,4.7,24,15.9,22.0,95.5, ,44.8, ,0.0,G,999.9,0
187,34.0,2017-09-10,Riverside,33.73547,-117.33363999999999,72286023119,418,72286023119,2017-09-10,33.9,-117.25,468.2,"MARCH AFB, CA US",80.5,24,51.2,24,1012.6,24,959.0,24,10.0,24,4.1,24,11.1,999.9,99.1, ,60.6, ,0.0,G,999.9,0
188,33.0,2017-07-07,Riverside,33.763304,-117.314994,72286023119,420,72286023119,2017-07-07,33.9,-117.25,468.2,"MARCH AFB, CA US",86.3,24,53.4,24,1011.9,24,958.6,24,10.0,24,4.8,24,13.0,999.9,107.6, ,63.9, ,0.0,G,999.9,0
189,30.0,2017-07-03,Riverside,33.968959999999996,-117.25411000000001,72286023119,425,72286023119,2017-07-03,33.9,-117.25,468.2,"MARCH AFB, CA US",74.5,24,50.9,21,1015.4,24,961.5,24,9.8,24,4.0,24,11.1,15.0,96.6, ,52.3, ,0.0,G,999.9,0
190,29.0,2017-07-08,Tehama,40.29118,-122.42606,72591024216,426,72591024216,2017-07-08,40.1519,-122.2536,107.6,"RED BLUFF MUNICIPAL AIRPORT, CA US",90.4,24,38.7,24,1010.8,24,998.5,24,10.0,24,6.4,24,13.0,999.9,111.0, ,68.0, ,0.0,G,999.9,0
191,28.0,2017-06-26,Del Norte,41.93323,-124.19628999999999,72594624286,429,72594624286,2017-06-26,41.78028,-124.23666999999999,17.1,"CRESCENT CITY MCNAMARA AIRPORT, CA US",57.4,24,54.9,24,1017.2,19,15.1,24,9.4,24,4.2,24,8.0,999.9,63.0, ,50.0, ,0.0,G,999.9,0
192,26.0,2017-06-18,Riverside,33.71025,-117.31924,72286023119,433,72286023119,2017-06-18,33.9,-117.25,468.2,"MARCH AFB, CA US",78.2,24,46.9,24,1009.2,24,955.8,24,10.0,24,4.6,24,11.1,15.0,98.6, ,54.5, ,0.0,G,999.9,0
193,26.0,2017-06-01,Riverside,33.94788,-116.59719,72286893138,434,72286893138,2017-06-01,33.8222,-116.5043,124.7,"PALM SPRINGS ASOS, CA US",81.3,24,51.8,24,1007.2,24,991.3,24,9.8,24,6.3,24,15.0,999.9,95.0, ,68.0, ,0.0,G,999.9,0
194,25.0,2017-06-27,San Diego,32.7789,-116.8516,72290753143,436,72290753143,2017-06-27,32.82611,-116.9725,118.0,"GILLESPIE FIELD AIRPORT, CA US",80.1,23,47.7,23,9999.9,0,997.9,23,10.0,23,3.0,23,9.9,999.9,95.0,*,60.8,*,0.0,I,999.9,0
195,25.0,2017-06-18,Madera,37.02081,-119.95136000000001,74504693242,437,74504693242,2017-06-18,36.98778,-120.11056,77.1,"MADERA MUNICIPAL AIRPORT, CA US",86.3,24,62.3,24,1007.6,24,998.8,24,10.0,24,4.3,24,9.9,999.9,104.0, ,68.0, ,0.0,G,999.9,0
196,23.0,2017-10-10,Riverside,33.50488,-117.02131999999999,99999953151,440,99999953151,2017-10-10,33.4392,-117.1904,347.5,"FALLBROOK 5 NE, CA US",71.7,24,9999.9,0,9999.9,0,999.9,0,999.9,0,999.9,0,999.9,999.9,93.9, ,60.1, ,0.0,G,999.9,0
197,22.0,2017-09-26,Alameda,37.77982,-122.169,72493023230,441,72493023230,2017-09-26,37.7214,-122.2208,1.8,"OAKLAND METROPOLITAN, CA US",67.8,24,50.9,24,1010.2,24,7.1,24,10.0,24,4.3,24,11.1,18.1,91.0, ,51.1, ,0.0,G,999.9,0
198,22.0,2017-07-05,Calaveras,38.20176,-120.67848000000001,72068199999,442,72068199999,2017-07-05,38.146118,-120.648172,403.86,"CALAVERAS CO MAURY RASMUSSEN FIELD, CA US",80.0,24,46.2,24,9999.9,0,999.9,0,10.0,24,5.3,24,13.0,17.1,97.7, ,61.3, ,0.0,I,999.9,0
199,20.0,2017-10-08,Humboldt,40.88516,-123.96843999999999,72594024213,443,72594024213,2017-10-08,40.8097,-124.1602,6.1,"EUREKA WEATHER FORECAST OFFICE WOODLEY ISLAND, CA US",56.8,4,44.3,4,1018.0,4,15.3,4,9.9,4,8.5,4,14.0,999.9,64.9, ,43.0, ,0.0,G,999.9,0
200,20.0,2017-10-03,Tehama,40.20077,-122.24731000000001,72591024216,445,72591024216,2017-10-03,40.1519,-122.2536,107.6,"RED BLUFF MUNICIPAL AIRPORT, CA US",68.8,24,26.5,24,1009.4,24,996.8,24,10.0,24,14.3,24,22.0,33.0,80.1, ,55.0, ,0.0,G,999.9,0
201,20.0,2017-07-17,Mendocino,39.13207,-123.10226999999999,72590523275,447,72590523275,2017-07-17,39.12583,-123.20083000000001,183.2,"UKIAH MUNICIPAL AIRPORT, CA US",77.9,24,40.2,24,1010.8,24,989.1,24,10.0,24,3.3,24,8.9,999.9,100.9, ,57.9, ,0.0,G,999.9,0
202,20.0,2017-06-05,Contra Costa,37.86549,-122.2102,72493023230,448,72493023230,2017-06-05,37.7214,-122.2208,1.8,"OAKLAND METROPOLITAN, CA US",61.3,24,50.4,24,1013.6,24,10.5,24,9.4,24,9.1,24,15.9,20.0,73.9, ,51.1, ,0.0,G,999.9,0
203,19.0,2017-10-10,Nevada,39.06414,-121.13736999999999,72026723224,450,72026723224,2017-10-10,38.95472,-121.08193999999999,466.6,"AUBURN MUNICIPAL AIRPORT, CA US",66.9,24,9999.9,0,9999.9,0,960.2,24,10.0,24,5.7,24,11.1,14.0,78.8,*,57.2,*,0.0,I,999.9,0
204,18.0,2017-07-04,Butte,39.53944,-121.54722,74504893210,454,74504893210,2017-07-04,39.49,-121.61833,57.9,"OROVILLE MUNICIPAL AIRPORT, CA US",82.3,24,51.3,24,1013.6,24,6.6,24,10.0,24,4.4,24,9.9,999.9,99.0, ,64.9, ,0.0,G,999.9,0
205,17.0,2017-05-20,San Luis Obispo,35.556667,-120.47399999999999,72396593209,457,72396593209,2017-05-20,35.6697,-120.6283,246.9,"PASO ROBLES MUNICIPAL AIRPORT, CA US",70.0,24,37.5,24,1013.3,24,984.4,24,10.0,24,2.8,24,12.0,999.9,96.1, ,46.0, ,0.0,G,999.9,0
206,16.0,2017-05-28,Fresno,36.96642,-119.58292,72389093193,460,72389093193,2017-05-28,36.78,-119.7194,101.5,"FRESNO YOSEMITE INTERNATIONAL, CA US",73.0,24,53.3,24,1015.7,24,4.1,24,10.0,24,7.0,24,9.9,999.9,89.1, ,55.9, ,0.0,G,999.9,0
207,15.0,2017-05-28,Calaveras,38.199059999999996,-120.83483999999999,72068199999,463,72068199999,2017-05-28,38.146118,-120.648172,403.86,"CALAVERAS CO MAURY RASMUSSEN FIELD, CA US",67.2,24,49.9,24,9999.9,0,999.9,0,10.0,24,4.0,24,11.1,999.9,85.6, ,50.0, ,0.0,I,999.9,0
208,14.0,2017-06-09,Monterey,35.80375,-120.52508,72396593209,467,72396593209,2017-06-09,35.6697,-120.6283,246.9,"PASO ROBLES MUNICIPAL AIRPORT, CA US",66.5,24,55.1,24,1013.5,23,984.6,24,10.0,24,6.8,24,17.1,22.9,80.1, ,46.0, ,0.0,G,999.9,0
209,14.0,2017-05-18,Riverside,33.97155,-117.44148,72033353175,468,72033353175,2017-05-18,33.89765,-117.60243,162.5,"CORONA MUNICIPAL AIRPORT, CA US",58.9,22,48.6,22,1013.1,18,992.9,22,8.2,22,3.8,22,15.9,22.0,80.1, ,41.0, ,0.0,G,999.9,100000
210,12.0,2017-09-12,Butte,39.44257,-121.60683,74504893210,470,74504893210,2017-09-12,39.49,-121.61833,57.9,"OROVILLE MUNICIPAL AIRPORT, CA US",86.0,23,57.0,23,1010.6,23,3.7,23,10.0,23,5.1,23,12.0,999.9,99.0, ,71.1, ,0.0,G,999.9,0
211,12.0,2017-04-30,Riverside,33.7866,-117.5048,72033353175,471,72033353175,2017-04-30,33.89765,-117.60243,162.5,"CORONA MUNICIPAL AIRPORT, CA US",66.6,24,31.4,24,1018.2,23,998.5,19,10.0,24,5.1,23,12.0,20.0,87.1, ,39.9, ,0.0,G,999.9,0
212,10.0,2017-10-08,Tehama,40.247890000000005,-122.255,72591024216,475,72591024216,2017-10-08,40.1519,-122.2536,107.6,"RED BLUFF MUNICIPAL AIRPORT, CA US",69.3,24,32.9,24,1010.5,24,998.0,24,10.0,24,13.7,24,28.0,39.0,88.0, ,52.0, ,0.0,G,999.9,0
213,10.0,2017-08-28,Amador,38.34421,-120.72273999999999,72068199999,476,72068199999,2017-08-28,38.146118,-120.648172,403.86,"CALAVERAS CO MAURY RASMUSSEN FIELD, CA US",89.5,22,43.6,22,9999.9,0,999.9,0,10.0,22,4.6,22,12.0,999.9,106.2,*,71.2,*,0.0,I,999.9,0
214,10.0,2017-07-13,Riverside,33.77896,-117.24091000000001,72286023119,480,72286023119,2017-07-13,33.9,-117.25,468.2,"MARCH AFB, CA US",79.2,24,56.3,24,1014.4,24,960.7,24,9.9,24,5.1,24,13.0,17.1,95.4, ,63.0, ,0.0,G,999.9,0
215,10.0,2017-07-02,Nevada,39.08382,-121.06656000000001,72026723224,482,72026723224,2017-07-02,38.95472,-121.08193999999999,466.6,"AUBURN MUNICIPAL AIRPORT, CA US",78.1,24,54.1,24,9999.9,0,957.1,24,10.0,24,3.9,24,7.0,999.9,91.4,*,60.8,*,0.0,I,999.9,0
216,10.0,2017-05-29,Yuba,39.23205,-121.376,72483793216,485,72483793216,2017-05-29,39.13333,-121.43333,38.1,"BEALE AFB, CA US",71.8,24,57.4,24,1012.3,24,8.0,24,9.5,24,4.2,24,7.0,999.9,88.3, ,53.8, ,0.0,I,999.9,0
217,10.0,2017-05-23,Riverside,33.94673,-117.17773000000001,72286023119,487,72286023119,2017-05-23,33.9,-117.25,468.2,"MARCH AFB, CA US",76.4,24,49.4,24,1012.8,24,959.1,24,9.9,24,5.2,24,15.9,24.1,96.1, ,50.5, ,0.0,G,999.9,0
218,0.0,2017-09-07,Mariposa,37.73596,-119.78256,99999953150,490,99999953150,2017-09-07,37.7592,-119.8208,2017.8,"YOSEMITE VILLAGE 12 W, CA US",61.7,24,9999.9,0,9999.9,0,999.9,0,999.9,0,999.9,0,999.9,999.9,72.1, ,54.9, ,0.0,G,999.9,0
219,0.0,2017-05-19,San Luis Obispo,35.85253,-120.80411000000001,72396593209,493,72396593209,2017-05-19,35.6697,-120.6283,246.9,"PASO ROBLES MUNICIPAL AIRPORT, CA US",68.0,24,37.6,24,1013.2,24,984.3,24,10.0,24,6.1,24,17.1,20.0,89.1, ,39.9, ,0.0,G,999.9,0
220,0.0,2017-02-07,Butte,39.51158,-121.55633,74504893210,494,74504893210,2017-02-07,39.49,-121.61833,57.9,"OROVILLE MUNICIPAL AIRPORT, CA US",56.7,24,53.4,24,1007.8,14,1.6,24,7.9,24,19.7,24,29.9,38.1,63.0, ,52.0, ,1.36,G,999.9,10000
221,410203.0,2018-07-27,Colusa,39.243283,-123.10336699999999,72590523275,495,72590523275,2018-07-27,39.12583,-123.20083000000001,183.2,"UKIAH MUNICIPAL AIRPORT, CA US",81.7,24,44.7,24,1012.2,24,990.5,24,9.1,24,4.5,24,15.0,25.1,106.0, ,59.0, ,0.0,G,999.9,0
222,410203.0,2018-07-27,Glenn,39.243283,-123.10336699999999,72590523275,496,72590523275,2018-07-27,39.12583,-123.20083000000001,183.2,"UKIAH MUNICIPAL AIRPORT, CA US",81.7,24,44.7,24,1012.2,24,990.5,24,9.1,24,4.5,24,15.0,25.1,106.0, ,59.0, ,0.0,G,999.9,0
223,410203.0,2018-07-27,Lake,39.243283,-123.10336699999999,72590523275,497,72590523275,2018-07-27,39.12583,-123.20083000000001,183.2,"UKIAH MUNICIPAL AIRPORT, CA US",81.7,24,44.7,24,1012.2,24,990.5,24,9.1,24,4.5,24,15.0,25.1,106.0, ,59.0, ,0.0,G,999.9,0
224,410203.0,2018-07-27,Mendocino,39.243283,-123.10336699999999,72590523275,498,72590523275,2018-07-27,39.12583,-123.20083000000001,183.2,"UKIAH MUNICIPAL AIRPORT, CA US",81.7,24,44.7,24,1012.2,24,990.5,24,9.1,24,4.5,24,15.0,25.1,106.0, ,59.0, ,0.0,G,999.9,0
225,96901.0,2018-07-13,Mariposa,37.6549,-119.88581,99999953150,503,99999953150,2018-07-13,37.7592,-119.8208,2017.8,"YOSEMITE VILLAGE 12 W, CA US",67.1,24,9999.9,0,9999.9,0,999.9,0,999.9,0,999.9,0,999.9,999.9,76.6, ,62.8, ,0.01,G,999.9,0
226,48920.0,2018-07-27,Colusa,39.04786,-123.11971000000001,72590523275,504,72590523275,2018-07-27,39.12583,-123.20083000000001,183.2,"UKIAH MUNICIPAL AIRPORT, CA US",81.7,24,44.7,24,1012.2,24,990.5,24,9.1,24,4.5,24,15.0,25.1,106.0, ,59.0, ,0.0,G,999.9,0
227,48920.0,2018-07-27,Lake,39.04786,-123.11971000000001,72590523275,505,72590523275,2018-07-27,39.12583,-123.20083000000001,183.2,"UKIAH MUNICIPAL AIRPORT, CA US",81.7,24,44.7,24,1012.2,24,990.5,24,9.1,24,4.5,24,15.0,25.1,106.0, ,59.0, ,0.0,G,999.9,0
228,48920.0,2018-07-27,Mendocino,39.04786,-123.11971000000001,72590523275,506,72590523275,2018-07-27,39.12583,-123.20083000000001,183.2,"UKIAH MUNICIPAL AIRPORT, CA US",81.7,24,44.7,24,1012.2,24,990.5,24,9.1,24,4.5,24,15.0,25.1,106.0, ,59.0, ,0.0,G,999.9,0
229,38008.0,2018-07-05,Siskiyou,41.893332,-122.534655,72595524259,507,72595524259,2018-07-05,41.78139,-122.46806000000001,808.0,"MONTAGUE SISKIYOU AIRPORT, CA US",69.7,24,33.7,24,1016.6,24,924.3,24,10.0,24,10.3,24,21.0,28.0,87.1, ,46.0, ,0.0,G,999.9,0
230,23136.0,2018-08-06,Orange,33.698879999999996,-117.52055,72033353175,508,72033353175,2018-08-06,33.89765,-117.60243,162.5,"CORONA MUNICIPAL AIRPORT, CA US",80.2,24,59.3,24,1010.4,20,990.9,20,10.0,24,4.8,22,13.0,18.1,102.9, ,57.9, ,0.0,G,999.9,0
231,4564.0,2018-06-15,Merced,37.393390000000004,-120.34206999999999,72481523257,510,72481523257,2018-06-15,37.28472,-120.51278,46.3,"MERCED MUNICIPAL AIRPORT, CA US",75.7,24,43.5,24,1005.0,24,999.4,24,10.0,24,5.2,24,9.9,14.0,97.0, ,57.0, ,0.0,G,999.9,0
232,4531.0,2018-11-08,Ventura,34.22685,-118.93444,72391093111,511,72391093111,2018-11-08,34.11667,-119.11667,4.0,"POINT MUGU NF, CA US",62.4,24,48.3,24,1014.6,24,14.0,24,8.8,24,5.9,24,18.1,28.0,82.0, ,51.1, ,0.0,G,999.9,0
233,3889.0,2018-10-07,Tehama,40.22027778,-122.18,72591024216,512,72591024216,2018-10-07,40.1519,-122.2536,107.6,"RED BLUFF MUNICIPAL AIRPORT, CA US",69.5,24,37.4,24,1014.2,24,1.6,24,10.0,24,15.5,24,26.0,34.0,81.0, ,54.0, ,0.0,G,999.9,0
234,2162.0,2018-08-10,Solano,38.431278000000006,-122.043747,72482893241,514,72482893241,2018-08-10,38.3775,-121.9575,33.2,"VACAVILLE NUT TREE AIRPORT, CA US",80.2,24,52.1,24,1012.4,23,8.4,24,7.9,24,2.7,24,13.0,999.9,105.1,*,57.9,*,0.0,G,999.9,0
235,2070.0,2018-02-18,Inyo,37.40208,-118.50235,72480023157,515,72480023157,2018-02-18,37.3711,-118.35799999999999,1250.3,"BISHOP AIRPORT, CA US",44.4,24,7.5,24,1009.7,24,868.4,24,10.0,24,6.1,24,25.1,38.1,70.0, ,19.0, ,0.0,G,999.9,0
236,1500.0,2018-11-08,Solano,38.21396,-121.9424,72482893241,518,72482893241,2018-11-08,38.3775,-121.9575,33.2,"VACAVILLE NUT TREE AIRPORT, CA US",62.0,24,14.6,24,1018.2,23,14.1,24,8.7,24,13.6,24,25.1,39.0,77.0, ,39.0, ,0.0,G,999.9,0
237,1500.0,2018-06-20,San Luis Obispo,35.736290000000004,-120.75593,72396593209,519,72396593209,2018-06-20,35.6697,-120.6283,246.9,"PASO ROBLES MUNICIPAL AIRPORT, CA US",73.0,24,49.1,24,1013.4,24,984.6,24,10.0,24,7.7,24,18.1,24.1,100.0, ,51.1, ,0.0,G,999.9,0
238,1120.0,2018-09-03,Placer,39.268611,-120.65833300000001,72584523225,523,72584523225,2018-09-03,39.2774,-120.7102,1608.1,"BLUE CANYON AIRPORT, CA US",75.0,24,29.2,24,1008.4,24,839.7,24,10.0,24,4.8,24,9.9,15.9,84.0, ,64.9, ,0.0,G,999.9,0
239,550.0,2018-10-30,Butte,39.36529,-121.51706999999999,74504893210,527,74504893210,2018-10-30,39.49,-121.61833,57.9,"OROVILLE MUNICIPAL AIRPORT, CA US",61.5,24,34.0,24,1019.3,24,12.2,23,10.0,24,9.9,24,13.0,25.1,75.0, ,50.0, ,0.0,G,999.9,0
240,441.0,2018-06-27,Lassen,40.316137,-120.45053,72583799999,529,72583799999,2018-06-27,40.375694,-120.572694,1264.61,"SUSANVILLE MUNICIPAL, CA US",70.9,21,33.1,21,9999.9,0,873.7,21,9.6,21,5.7,21,17.1,22.9,87.8,*,48.2,*,0.0,I,999.9,0
241,365.0,2018-07-27,San Diego,33.078920000000004,-116.91845,74505653120,530,74505653120,2018-07-27,33.0375,-116.91583,424.6,"RAMONA AIRPORT, CA US",78.6,24,60.0,24,1011.5,24,963.3,24,9.6,24,4.8,24,14.0,999.9,102.0, ,59.0, ,0.0,G,999.9,0
242,320.0,2018-07-22,Santa Clara,37.449425,-121.88807,72494523293,534,72494523293,2018-07-22,37.3591,-121.92399999999999,15.5,"SAN JOSE INTERNATIONAL AIRPORT, CA US",70.8,24,59.4,24,1017.3,23,15.7,24,10.0,24,6.0,24,15.0,999.9,84.0, ,64.0, ,0.0,G,999.9,0
243,268.0,2018-06-23,Tehama,40.18395,-122.27573999999998,72591024216,539,72591024216,2018-06-23,40.1519,-122.2536,107.6,"RED BLUFF MUNICIPAL AIRPORT, CA US",90.1,24,41.5,24,1008.6,24,996.3,24,10.0,24,13.4,24,22.9,32.1,105.1, ,66.0, ,0.0,G,999.9,0
244,260.0,2018-06-26,San Luis Obispo,35.33916,-120.71488000000001,72289793206,541,72289793206,2018-06-26,35.23722,-120.64138999999999,61.0,"SAN LUIS OBISPO MCCHESNEY FIELD, CA US",61.4,24,54.3,24,1014.6,20,7.3,24,9.3,24,5.7,24,15.9,999.9,73.0, ,55.0, ,0.0,G,999.9,0
245,250.0,2018-08-09,San Diego,33.076239,-116.90298500000002,74505653120,543,74505653120,2018-08-09,33.0375,-116.91583,424.6,"RAMONA AIRPORT, CA US",82.1,24,55.1,24,1012.0,24,964.0,24,10.0,24,4.5,24,11.1,18.1,102.9, ,61.0, ,0.0,G,999.9,0
246,224.0,2018-07-15,Siskiyou,41.70877,-122.47293,72595524259,545,72595524259,2018-07-15,41.78139,-122.46806000000001,808.0,"MONTAGUE SISKIYOU AIRPORT, CA US",79.2,24,43.1,24,1015.1,20,923.8,24,10.0,24,6.4,24,18.1,35.0,102.0, ,61.0, ,0.0,G,999.9,10010
247,191.0,2018-07-04,Butte,39.491737,-121.637759,74504893210,547,74504893210,2018-07-04,39.49,-121.61833,57.9,"OROVILLE MUNICIPAL AIRPORT, CA US",75.1,24,54.0,24,1011.2,24,4.2,24,9.5,24,8.9,24,14.0,21.0,91.0, ,61.0, ,0.0,G,999.9,0
248,170.0,2018-06-23,Tehama,40.12791,-122.19792,72591024216,552,72591024216,2018-06-23,40.1519,-122.2536,107.6,"RED BLUFF MUNICIPAL AIRPORT, CA US",90.1,24,41.5,24,1008.6,24,996.3,24,10.0,24,13.4,24,22.9,32.1,105.1, ,66.0, ,0.0,G,999.9,0
249,166.0,2018-09-09,Los Angeles,34.2325,-117.84611100000001,72032999999,553,72032999999,2018-09-09,34.111542,-117.68758899999999,438.6,"CABLE, CA US",83.6,24,48.3,24,9999.9,0,999.9,0,10.0,24,5.6,24,14.0,18.1,95.0,*,73.4,*,0.0,I,999.9,0
250,154.0,2018-06-12,Riverside,33.925862,-117.654299,72032999999,556,72032999999,2018-06-12,34.111542,-117.68758899999999,438.6,"CABLE, CA US",76.5,24,49.7,24,9999.9,0,999.9,0,9.6,24,5.5,24,15.0,19.0,89.6,*,66.2,*,0.0,I,999.9,0
251,150.0,2018-11-15,Ventura,34.30166667,-119.09916667,72391093111,558,72391093111,2018-11-15,34.11667,-119.11667,4.0,"POINT MUGU NF, CA US",62.1,24,36.5,24,1019.5,24,19.0,24,10.0,24,6.8,24,13.0,999.9,82.9, ,46.9, ,0.0,G,999.9,0
252,150.0,2018-09-04,El Dorado,38.94388,-120.92611000000001,72026723224,560,72026723224,2018-09-04,38.95472,-121.08193999999999,466.6,"AUBURN MUNICIPAL AIRPORT, CA US",78.5,21,49.1,21,9999.9,0,956.1,21,10.0,21,4.0,21,8.9,999.9,91.4,*,64.4,*,0.0,I,999.9,0
253,127.0,2018-05-09,Siskiyou,41.65935,-122.48556,72595524259,564,72595524259,2018-05-09,41.78139,-122.46806000000001,808.0,"MONTAGUE SISKIYOU AIRPORT, CA US",62.3,24,44.3,24,1016.6,24,923.7,24,10.0,24,5.3,24,11.1,999.9,80.1, ,44.1, ,0.02,G,999.9,0
254,103.0,2018-05-18,Tehama,40.31759,-122.21032,72591024216,569,72591024216,2018-05-18,40.1519,-122.2536,107.6,"RED BLUFF MUNICIPAL AIRPORT, CA US",73.7,24,51.7,24,1012.1,24,999.5,24,10.0,24,4.1,24,9.9,17.1,91.9, ,57.0, ,0.0,G,999.9,0
255,100.0,2018-08-13,San Diego,33.0971179,-117.02425290000001,74505653120,570,74505653120,2018-08-13,33.0375,-116.91583,424.6,"RAMONA AIRPORT, CA US",74.3,24,58.7,24,1014.0,23,965.6,24,9.8,24,4.7,24,13.0,19.0,90.0, ,61.0, ,0.0,G,999.9,100000
256,90.0,2018-07-05,Mendocino,39.038859,-123.38493000000001,72590523275,573,72590523275,2018-07-05,39.12583,-123.20083000000001,183.2,"UKIAH MUNICIPAL AIRPORT, CA US",68.2,24,46.6,24,1017.0,24,994.8,24,10.0,24,3.0,24,11.1,15.0,90.0, ,50.0, ,0.0,G,999.9,0
257,88.0,2018-05-20,Merced,37.056944,-121.01638,99999993243,574,99999993243,2018-05-20,37.2381,-120.8825,23.8,"MERCED 23 WSW, CA US",62.9,24,9999.9,0,9999.9,0,999.9,0,999.9,0,999.9,0,999.9,999.9,84.2, ,44.6, ,0.0,G,999.9,0
258,80.0,2018-06-24,Calaveras,37.95766,-120.68902,72068199999,575,72068199999,2018-06-24,38.146118,-120.648172,403.86,"CALAVERAS CO MAURY RASMUSSEN FIELD, CA US",83.2,24,46.7,24,9999.9,0,999.9,0,10.0,24,3.7,24,11.1,14.0,97.3, ,63.0, ,0.0,I,999.9,0
259,77.0,2018-07-18,Santa Barbara,34.54305556,-120.31805556,72289523243,576,72289523243,2018-07-18,34.66667,-120.46667,26.8,"LOMPOC AIRPORT, CA US",61.4,24,56.1,24,1016.3,21,12.7,24,9.0,24,6.5,24,14.0,999.9,71.1,*,55.4,*,0.0,G,999.9,0
260,70.0,2018-07-10,Santa Clara,37.22545,-121.79189,72494523293,578,72494523293,2018-07-10,37.3591,-121.92399999999999,15.5,"SAN JOSE INTERNATIONAL AIRPORT, CA US",74.6,24,50.6,24,1016.3,24,14.6,24,10.0,24,7.0,24,17.1,29.9,90.0, ,57.9, ,0.0,G,999.9,0
261,70.0,2018-06-29,Santa Clara,37.660740000000004,-121.67143999999999,72492723285,579,72492723285,2018-06-29,37.6927,-121.8144,119.8,"LIVERMORE MUNICIPAL AIRPORT, CA US",67.6,24,49.6,24,1012.1,24,997.9,24,9.7,24,5.5,24,15.0,999.9,91.0, ,53.1, ,0.0,G,999.9,0
262,70.0,2018-05-04,Riverside,33.504964,-117.148204,99999953151,581,99999953151,2018-05-04,33.4392,-117.1904,347.5,"FALLBROOK 5 NE, CA US",69.8,24,9999.9,0,9999.9,0,999.9,0,999.9,0,999.9,0,999.9,999.9,95.4, ,56.8, ,0.0,G,999.9,0
263,67.0,2018-07-21,Mendocino,39.279833,-123.258319,72590523275,583,72590523275,2018-07-21,39.12583,-123.20083000000001,183.2,"UKIAH MUNICIPAL AIRPORT, CA US",77.0,24,48.2,24,1012.6,24,990.7,24,10.0,24,4.3,23,9.9,999.9,96.1, ,57.9, ,0.0,G,999.9,0
264,66.0,2018-08-01,El Dorado,38.82128,-121.03918,72026723224,584,72026723224,2018-08-01,38.95472,-121.08193999999999,466.6,"AUBURN MUNICIPAL AIRPORT, CA US",84.6,24,52.4,24,9999.9,0,959.4,16,9.9,24,4.5,24,8.0,999.9,96.8,*,75.2,*,0.0,I,999.9,0
265,63.0,2018-10-07,Santa Clara,37.1769444,-121.68694444,72494693232,585,72494693232,2018-10-07,37.33333,-121.81667,40.5,"SAN JOSE REID HILLVIEW AIRPORT, CA US",73.3,14,42.2,14,9999.9,0,5.3,13,10.0,14,10.4,14,15.0,20.0,84.2,*,62.6,*,0.0,I,999.9,0
266,62.0,2018-07-08,Kern,34.86022,-118.87881000000002,72383023187,588,72383023187,2018-07-08,34.7436,-118.7242,1374.6,"SANDBERG, CA US",82.8,24,47.1,24,1014.3,24,865.3,24,10.0,24,12.6,24,22.9,29.9,100.0, ,73.0, ,0.0,G,999.9,0
267,60.0,2018-11-05,Tehama,40.346652,-122.308479,72591024216,590,72591024216,2018-11-05,40.1519,-122.2536,107.6,"RED BLUFF MUNICIPAL AIRPORT, CA US",65.9,24,34.8,24,1015.0,24,2.4,24,10.0,24,9.3,24,18.1,24.1,77.0, ,52.0, ,0.0,G,999.9,0
268,60.0,2018-06-15,Madera,37.14663,-119.91223000000001,74504693242,591,74504693242,2018-06-15,36.98778,-120.11056,77.1,"MADERA MUNICIPAL AIRPORT, CA US",76.7,24,42.1,24,1005.2,24,996.4,24,10.0,24,5.3,24,9.9,999.9,98.1, ,57.0, ,0.0,G,999.9,0
269,60.0,2018-06-14,San Luis Obispo,35.58354,-120.62413500000001,72396593209,592,72396593209,2018-06-14,35.6697,-120.6283,246.9,"PASO ROBLES MUNICIPAL AIRPORT, CA US",69.1,24,48.3,24,1008.7,24,980.0,24,10.0,24,7.3,24,17.1,24.1,96.1, ,48.9, ,0.0,G,999.9,0
270,60.0,2018-06-13,San Luis Obispo,35.663607,-120.67031100000001,72396593209,593,72396593209,2018-06-13,35.6697,-120.6283,246.9,"PASO ROBLES MUNICIPAL AIRPORT, CA US",76.1,24,48.6,24,1008.4,24,979.8,24,10.0,24,6.5,22,18.1,999.9,98.1, ,52.0, ,0.0,G,999.9,0
271,60.0,2018-05-17,Santa Barbara,34.74245,-120.18236,72376293244,594,72376293244,2018-05-17,34.60694,-120.07556000000001,204.5,"SANTA YNEZ AIRPORT, CA US",58.2,24,45.7,24,9999.9,0,991.6,24,10.0,24,5.4,24,18.1,22.0,71.6,*,50.0,*,0.0,I,999.9,0
272,59.0,2018-05-22,San Diego,33.35505,-117.03133999999999,99999953151,595,99999953151,2018-05-22,33.4392,-117.1904,347.5,"FALLBROOK 5 NE, CA US",58.4,24,9999.9,0,9999.9,0,999.9,0,999.9,0,999.9,0,999.9,999.9,70.7, ,52.3, ,0.02,G,999.9,0
273,58.0,2018-10-19,San Luis Obispo,35.17693,-120.48861000000001,72289793206,596,72289793206,2018-10-19,35.23722,-120.64138999999999,61.0,"SAN LUIS OBISPO MCCHESNEY FIELD, CA US",62.4,24,43.7,24,1017.4,21,10.0,24,8.8,24,4.1,24,15.9,999.9,91.9,*,44.1,*,0.0,G,999.9,100000
274,56.0,2018-07-08,Contra Costa,37.79718,-121.85311000000002,72492723285,597,72492723285,2018-07-08,37.6927,-121.8144,119.8,"LIVERMORE MUNICIPAL AIRPORT, CA US",73.8,24,45.6,24,1014.2,24,0.1,24,9.9,24,7.7,24,12.0,999.9,93.9, ,59.0, ,0.0,G,999.9,0
275,51.0,2018-09-16,San Luis Obispo,35.30151,-120.64398,72289793206,600,72289793206,2018-09-16,35.23722,-120.64138999999999,61.0,"SAN LUIS OBISPO MCCHESNEY FIELD, CA US",61.4,24,47.2,24,1012.6,24,5.2,24,9.9,24,7.2,24,18.1,24.1,82.0, ,48.0, ,0.0,G,999.9,0
276,51.0,2018-07-10,Santa Clara,37.163594,-121.702547,72494693232,601,72494693232,2018-07-10,37.33333,-121.81667,40.5,"SAN JOSE REID HILLVIEW AIRPORT, CA US",81.4,16,47.6,16,9999.9,0,10.9,16,10.0,16,9.2,16,22.0,999.9,91.4,*,64.4,*,0.0,I,999.9,0
277,50.0,2018-07-15,Tehama,40.27754,-122.11375,72591024216,602,72591024216,2018-07-15,40.1519,-122.2536,107.6,"RED BLUFF MUNICIPAL AIRPORT, CA US",89.1,24,59.2,24,1011.2,24,998.8,24,10.0,24,5.7,24,13.0,15.9,105.1, ,70.0, ,0.0,G,999.9,0
278,48.0,2018-08-26,Alameda,37.699259999999995,-122.02805,72493023230,604,72493023230,2018-08-26,37.7214,-122.2208,1.8,"OAKLAND METROPOLITAN, CA US",59.9,24,53.8,24,1015.2,20,12.1,24,9.9,24,7.7,24,17.1,999.9,69.1, ,55.0, ,0.0,G,999.9,0
279,45.0,2018-07-02,Contra Costa,37.86339,-122.12351000000001,72493023230,605,72493023230,2018-07-02,37.7214,-122.2208,1.8,"OAKLAND METROPOLITAN, CA US",60.9,24,56.1,24,1014.6,23,11.5,24,9.8,24,9.1,24,15.0,999.9,66.9, ,55.0, ,0.0,G,999.9,0
280,43.0,2018-07-19,Butte,39.57202,-121.43131000000001,74504893210,607,74504893210,2018-07-19,39.49,-121.61833,57.9,"OROVILLE MUNICIPAL AIRPORT, CA US",88.8,24,59.9,24,1010.9,24,3.9,24,10.0,24,3.8,23,7.0,999.9,106.0, ,71.1, ,0.0,G,999.9,0
281,40.0,2018-06-19,Contra Costa,37.779209,-121.908976,72492723285,609,72492723285,2018-06-19,37.6927,-121.8144,119.8,"LIVERMORE MUNICIPAL AIRPORT, CA US",66.2,24,56.7,20,1015.7,18,1.4,24,9.8,24,6.9,24,12.0,999.9,87.1, ,54.0, ,0.0,G,999.9,0
282,40.0,2018-06-16,Butte,39.549167,-121.521111,74504893210,610,74504893210,2018-06-16,39.49,-121.61833,57.9,"OROVILLE MUNICIPAL AIRPORT, CA US",72.7,24,52.7,24,1004.1,24,997.0,24,10.0,24,7.6,24,19.0,25.1,90.0, ,59.0, ,0.0,G,999.9,0
283,38.0,2018-06-03,San Diego,32.78031,-117.06782,72290023188,613,72290023188,2018-06-03,32.7336,-117.1831,4.6,"SAN DIEGO INTERNATIONAL AIRPORT, CA US",67.0,24,57.9,24,1013.6,24,12.7,24,10.0,24,5.0,24,9.9,999.9,73.0, ,60.1, ,0.0,G,999.9,0
284,37.0,2018-07-21,San Luis Obispo,35.64917,-120.71907,72396593209,614,72396593209,2018-07-21,35.6697,-120.6283,246.9,"PASO ROBLES MUNICIPAL AIRPORT, CA US",76.6,24,51.9,24,1013.4,24,984.7,24,10.0,24,7.0,24,20.0,24.1,95.0, ,63.0, ,0.0,G,999.9,0
285,37.0,2018-06-03,Siskiyou,41.58233,-122.33769,72595524259,615,72595524259,2018-06-03,41.78139,-122.46806000000001,808.0,"MONTAGUE SISKIYOU AIRPORT, CA US",71.7,24,41.7,24,1015.7,24,923.5,24,10.0,24,5.1,24,15.9,25.1,91.9, ,43.0, ,0.0,G,999.9,0
286,35.0,2018-08-06,Riverside,33.759722,-117.460278,72033353175,617,72033353175,2018-08-06,33.89765,-117.60243,162.5,"CORONA MUNICIPAL AIRPORT, CA US",80.2,24,59.3,24,1010.4,20,990.9,20,10.0,24,4.8,22,13.0,18.1,102.9, ,57.9, ,0.0,G,999.9,0
287,33.0,2018-07-14,Tehama,40.00293,-122.44008000000001,72591024216,622,72591024216,2018-07-14,40.1519,-122.2536,107.6,"RED BLUFF MUNICIPAL AIRPORT, CA US",84.9,24,56.1,24,1013.7,24,1.3,24,10.0,24,4.2,24,8.9,999.9,105.1, ,70.0, ,0.0,G,999.9,10000
288,32.0,2018-08-25,Riverside,33.97902,-117.20533999999999,72286023119,624,72286023119,2018-08-25,33.9,-117.25,468.2,"MARCH AFB, CA US",73.1,24,59.7,24,1012.6,24,958.8,24,8.6,24,4.7,24,12.0,15.0,89.4, ,60.6, ,0.0,G,999.9,0
289,30.0,2018-09-23,Santa Clara,37.33563,-121.75815,72494523293,626,72494523293,2018-09-23,37.3591,-121.92399999999999,15.5,"SAN JOSE INTERNATIONAL AIRPORT, CA US",65.5,24,51.7,24,1012.4,23,10.7,24,10.0,24,4.3,24,13.0,999.9,81.0, ,53.1, ,0.0,G,999.9,0
290,30.0,2018-08-04,Alameda,37.533026,-121.79733,72492723285,628,72492723285,2018-08-04,37.6927,-121.8144,119.8,"LIVERMORE MUNICIPAL AIRPORT, CA US",77.3,24,45.0,24,1011.8,23,997.9,24,9.0,24,5.3,24,15.0,999.9,95.0, ,54.0, ,0.0,G,999.9,0
291,30.0,2018-07-28,Riverside,33.85852,-117.43521000000001,72033353175,629,72033353175,2018-07-28,33.89765,-117.60243,162.5,"CORONA MUNICIPAL AIRPORT, CA US",77.7,23,65.6,23,1012.4,20,992.9,22,8.3,23,6.1,23,14.0,20.0,96.1, ,60.1, ,0.0,G,999.9,0
292,30.0,2018-06-29,Sacramento,38.595865,-121.17693,72483323206,630,72483323206,2018-06-29,38.56667,-121.3,30.2,"SACRAMENTO MATHER AFB, CA US",76.1,21,49.7,21,9999.9,0,6.9,20,10.0,21,6.6,21,12.0,15.9,95.0,*,55.4,*,0.0,I,999.9,0
293,27.0,2018-05-19,Siskiyou,41.791859,-122.513883,72595524259,632,72595524259,2018-05-19,41.78139,-122.46806000000001,808.0,"MONTAGUE SISKIYOU AIRPORT, CA US",63.1,24,42.4,24,1013.8,23,921.0,24,10.0,24,6.4,24,12.0,18.1,78.1, ,41.0, ,0.0,G,999.9,10000
294,25.0,2018-05-29,San Luis Obispo,35.71859,-120.64028,72396593209,635,72396593209,2018-05-29,35.6697,-120.6283,246.9,"PASO ROBLES MUNICIPAL AIRPORT, CA US",75.7,24,50.1,24,1009.2,24,980.5,24,10.0,24,6.4,24,18.1,999.9,95.0, ,51.1, ,0.0,G,999.9,0
295,23.0,2018-08-22,Riverside,33.946896,-117.066643,72286023119,636,72286023119,2018-08-22,33.9,-117.25,468.2,"MARCH AFB, CA US",77.2,24,61.0,24,1014.7,22,960.9,24,10.0,24,4.2,24,13.0,17.1,92.8, ,63.7, ,0.0,G,999.9,0
296,23.0,2018-06-01,Tehama,40.201826000000004,-122.29388,72591024216,638,72591024216,2018-06-01,40.1519,-122.2536,107.6,"RED BLUFF MUNICIPAL AIRPORT, CA US",67.9,24,44.7,24,1016.2,24,3.5,24,10.0,24,6.6,24,12.0,17.1,89.1, ,53.1, ,0.0,G,999.9,0
297,21.0,2018-04-09,Riverside,33.86439,-117.48143999999999,72033353175,639,72033353175,2018-04-09,33.89765,-117.60243,162.5,"CORONA MUNICIPAL AIRPORT, CA US",69.7,24,38.0,24,1014.2,23,994.1,23,9.7,24,4.9,23,12.0,17.1,96.1,*,44.1,*,0.0,G,999.9,0
298,20.0,2018-11-15,Contra Costa,37.81111,-121.7944,72492723285,640,72492723285,2018-11-15,37.6927,-121.8144,119.8,"LIVERMORE MUNICIPAL AIRPORT, CA US",47.0,24,22.0,24,1022.1,14,7.6,24,1.6,24,2.4,24,9.9,999.9,68.0, ,33.1, ,0.0,G,999.9,0
299,20.0,2018-11-14,Alameda,37.61158,-121.94181999999999,72492723285,641,72492723285,2018-11-14,37.6927,-121.8144,119.8,"LIVERMORE MUNICIPAL AIRPORT, CA US",49.0,24,25.5,24,1027.9,21,12.9,24,3.3,24,3.3,24,11.1,999.9,68.0, ,33.1, ,0.0,G,999.9,0
300,20.0,2018-07-25,Santa Clara,37.07793,-121.600023,74505823277,642,74505823277,2018-07-25,36.9358,-121.7886,48.8,"WATSONVILLE MUNICIPAL AIRPORT, CA US",64.2,21,56.6,21,1017.5,19,11.8,21,9.2,21,4.2,21,11.1,999.9,78.1,*,51.8,*,0.0,G,999.9,100000
301,20.0,2018-06-17,Alameda,37.627119,-121.806775,72492723285,643,72492723285,2018-06-17,37.6927,-121.8144,119.8,"LIVERMORE MUNICIPAL AIRPORT, CA US",57.9,12,54.9,12,1007.3,11,993.2,12,10.0,12,11.4,12,17.1,22.9,78.1, ,50.0, ,0.0,G,999.9,0
302,20.0,2018-06-14,Butte,39.602703000000005,-121.617698,74504893210,644,74504893210,2018-06-14,39.49,-121.61833,57.9,"OROVILLE MUNICIPAL AIRPORT, CA US",81.5,24,51.8,24,1006.3,24,999.4,24,10.0,24,6.3,23,11.1,19.0,100.9, ,64.9, ,0.0,G,999.9,0
303,20.0,2018-06-12,Los Angeles,34.110516,-118.42788600000002,72287493134,645,72287493134,2018-06-12,34.0236,-118.2911,54.6,"LOS ANGELES DOWNTOWN USC, CA US",72.1,24,57.8,24,1008.9,24,2.5,24,9.5,24,1.0,23,6.0,999.9,84.0, ,63.0, ,0.0,G,999.9,0
304,17.0,2018-06-03,Riverside,33.742,-117.28188999999999,72286023119,649,72286023119,2018-06-03,33.9,-117.25,468.2,"MARCH AFB, CA US",73.5,24,47.0,24,1012.1,24,958.3,24,9.9,24,4.2,24,12.0,999.9,94.8, ,51.6, ,0.0,G,999.9,0
305,16.0,2018-08-12,Nevada,39.10494,-121.07038999999999,72026723224,650,72026723224,2018-08-12,38.95472,-121.08193999999999,466.6,"AUBURN MUNICIPAL AIRPORT, CA US",82.6,24,40.3,24,9999.9,0,959.2,24,10.0,24,5.8,24,8.9,999.9,95.0,*,69.8,*,0.0,I,999.9,0
306,16.0,2018-05-27,Santa Clara,37.21803,-121.76828,72494523293,651,72494523293,2018-05-27,37.3591,-121.92399999999999,15.5,"SAN JOSE INTERNATIONAL AIRPORT, CA US",64.1,24,50.7,24,1015.7,24,14.0,24,10.0,24,6.1,24,15.9,999.9,82.0, ,53.1, ,0.0,G,999.9,0
307,15.0,2018-10-10,Siskiyou,41.940459999999995,-122.43933,72595524259,652,72595524259,2018-10-10,41.78139,-122.46806000000001,808.0,"MONTAGUE SISKIYOU AIRPORT, CA US",49.5,24,35.2,24,1014.5,24,920.6,24,9.8,24,5.3,24,19.0,999.9,68.0, ,34.0, ,0.0,G,999.9,0
308,15.0,2018-05-04,Riverside,33.467999,-117.00382900000001,99999953151,654,99999953151,2018-05-04,33.4392,-117.1904,347.5,"FALLBROOK 5 NE, CA US",69.8,24,9999.9,0,9999.9,0,999.9,0,999.9,0,999.9,0,999.9,999.9,95.4, ,56.8, ,0.0,G,999.9,0
309,14.0,2018-08-06,San Diego,33.05737,-116.77153999999999,74505653120,656,74505653120,2018-08-06,33.0375,-116.91583,424.6,"RAMONA AIRPORT, CA US",79.8,24,51.1,24,1009.7,24,961.6,24,10.0,24,3.8,24,9.9,15.0,100.9, ,57.9, ,0.0,G,999.9,0
310,13.0,2018-07-20,San Diego,33.04898,-116.78928,74505653120,658,74505653120,2018-07-20,33.0375,-116.91583,424.6,"RAMONA AIRPORT, CA US",74.6,24,60.8,24,1013.2,24,964.8,24,10.0,24,5.4,24,12.0,18.1,91.9, ,63.0, ,0.0,G,999.9,0
311,11.0,2018-07-10,Butte,39.66492,-121.51772,74504893210,666,74504893210,2018-07-10,39.49,-121.61833,57.9,"OROVILLE MUNICIPAL AIRPORT, CA US",84.6,24,50.2,24,1014.2,24,7.2,24,10.0,24,2.9,24,6.0,999.9,100.0, ,63.0, ,0.0,G,999.9,0
312,10.0,2018-11-12,Humboldt,40.888785,-124.00184899999999,72594024213,669,72594024213,2018-11-12,40.8097,-124.1602,6.1,"EUREKA WEATHER FORECAST OFFICE WOODLEY ISLAND, CA US",51.7,4,30.8,4,1023.3,4,20.5,4,9.9,4,2.3,4,5.1,999.9,73.9, ,36.0, ,0.0,G,999.9,0
313,10.0,2018-08-09,Napa,38.272290000000005,-122.26388999999999,72495593227,671,72495593227,2018-08-09,38.2102,-122.2847,4.3,"NAPA CO AIRPORT, CA US",65.7,24,55.6,24,1012.1,20,11.1,24,10.0,24,5.2,24,9.9,21.0,86.0, ,52.0, ,0.0,G,999.9,0
314,10.0,2018-07-17,Siskiyou,41.632373,-122.37985,72595524259,672,72595524259,2018-07-17,41.78139,-122.46806000000001,808.0,"MONTAGUE SISKIYOU AIRPORT, CA US",81.5,24,50.9,24,1016.1,21,924.5,24,10.0,24,3.7,23,25.1,45.1,102.0, ,55.9, ,0.0,G,999.9,10010
315,10.0,2018-06-21,San Luis Obispo,35.05747,-120.39295,72394023273,674,72394023273,2018-06-21,34.8994,-120.4486,73.8,"SANTA MARIA PUBLIC AIRPORT, CA US",58.4,24,51.7,24,1014.7,22,5.8,24,7.7,24,6.0,24,13.0,999.9,71.1, ,51.1, ,0.0,G,999.9,0
316,10.0,2018-06-19,Monterey,35.77017,-120.57833000000001,72396593209,675,72396593209,2018-06-19,35.6697,-120.6283,246.9,"PASO ROBLES MUNICIPAL AIRPORT, CA US",71.6,24,49.7,24,1014.6,24,985.7,24,10.0,24,5.0,24,15.0,999.9,96.1, ,46.0, ,0.0,G,999.9,0
317,1011.0,2019-10-10,Riverside,33.9925,-117.05916699999999,72286023119,681,72286023119,2019-10-10,33.9,-117.25,468.2,"MARCH AFB, CA US",64.7,24,41.2,24,1011.3,24,956.8,15,9.4,24,5.6,24,17.1,21.0,81.3, ,45.0, ,0.0,G,999.9,0
318,494.0,2019-10-30,Riverside,34.01778,-117.4625,72033353175,683,72033353175,2019-10-30,33.89765,-117.60243,162.5,"CORONA MUNICIPAL AIRPORT, CA US",60.2,23,17.4,23,1017.4,22,999.8,16,10.0,23,9.4,20,17.1,28.0,75.0, ,34.0, ,0.0,G,999.9,0
319,289.0,2019-10-09,Monterey,35.790690000000005,-120.73102,72396593209,685,72396593209,2019-10-09,35.6697,-120.6283,246.9,"PASO ROBLES MUNICIPAL AIRPORT, CA US",62.8,24,38.2,24,1010.0,21,981.3,24,10.0,24,3.3,23,12.0,999.9,84.9,*,43.0,*,0.0,G,999.9,0
320,289.0,2019-10-09,San Luis Obispo,35.790690000000005,-120.73102,72396593209,686,72396593209,2019-10-09,35.6697,-120.6283,246.9,"PASO ROBLES MUNICIPAL AIRPORT, CA US",62.8,24,38.2,24,1010.0,21,981.3,24,10.0,24,3.3,23,12.0,999.9,84.9,*,43.0,*,0.0,G,999.9,0
321,40.0,2019-10-10,Contra Costa,37.828267,-122.103867,72493023230,688,72493023230,2019-10-10,37.7214,-122.2208,1.8,"OAKLAND METROPOLITAN, CA US",63.4,24,29.5,24,1014.2,24,11.0,24,10.0,24,7.4,24,21.0,27.0,79.0, ,46.0, ,0.0,G,999.9,0
322,37.0,2019-10-25,San Diego,33.259861,-117.02733300000001,99999953151,689,99999953151,2019-10-25,33.4392,-117.1904,347.5,"FALLBROOK 5 NE, CA US",82.4,24,9999.9,0,9999.9,0,999.9,0,999.9,0,999.9,0,999.9,999.9,94.8, ,74.7, ,0.0,G,999.9,0
323,35.0,2019-10-24,Alameda,37.62782,-121.68598,72492723285,690,72492723285,2019-10-24,37.6927,-121.8144,119.8,"LIVERMORE MUNICIPAL AIRPORT, CA US",72.1,24,27.5,24,1015.2,24,1.6,20,10.0,24,5.9,24,15.9,999.9,88.0, ,54.0, ,0.0,G,999.9,0
324,25.0,2019-07-17,San Diego,32.794768,-116.839743,72290753143,694,72290753143,2019-07-17,32.82611,-116.9725,118.0,"GILLESPIE FIELD AIRPORT, CA US",69.7,24,60.2,24,9999.9,0,998.7,22,9.6,24,4.0,24,8.9,999.9,77.0,*,62.6,*,0.0,I,999.9,0
325,10.0,2019-09-03,Santa Cruz,37.178353,-122.07743,72494523293,697,72494523293,2019-09-03,37.3591,-121.92399999999999,15.5,"SAN JOSE INTERNATIONAL AIRPORT, CA US",67.9,24,58.4,24,1015.3,24,13.6,24,10.0,24,5.9,24,11.1,999.9,81.0, ,60.1, ,0.0,G,999.9,0
326,9999.0,2019-10-31,Ventura,34.302212,-118.997115,72391093111,698,72391093111,2019-10-31,34.11667,-119.11667,4.0,"POINT MUGU NF, CA US",64.2,24,3.9,22,1021.0,24,20.7,16,10.0,24,16.4,24,22.0,35.9,79.0, ,46.9, ,0.0,I,999.9,0
327,5563.0,2019-10-06,Mariposa,37.604638,-119.96606000000001,99999953150,700,99999953150,2019-10-06,37.7592,-119.8208,2017.8,"YOSEMITE VILLAGE 12 W, CA US",60.7,24,9999.9,0,9999.9,0,999.9,0,999.9,0,999.9,0,999.9,999.9,70.9, ,54.7, ,0.0,G,999.9,0
328,3435.0,2019-10-11,El Dorado,38.724000000000004,-120.145,72584793230,703,72584793230,2019-10-11,38.8983,-119.9947,1924.5,"SOUTH LAKE TAHOE AIRPORT, CA US",36.7,24,13.7,24,1022.5,24,811.8,24,10.0,24,1.9,23,5.1,999.9,62.1, ,19.0, ,0.0,G,999.9,0
329,1926.0,2019-09-04,Riverside,33.528469,-117.27315700000001,99999953151,706,99999953151,2019-09-04,33.4392,-117.1904,347.5,"FALLBROOK 5 NE, CA US",82.4,24,9999.9,0,9999.9,0,999.9,0,999.9,0,999.9,0,999.9,999.9,100.0, ,73.2, ,0.0,G,999.9,0
330,1872.0,2019-09-07,Siskiyou,41.862237,-122.66225800000001,72595524259,707,72595524259,2019-09-07,41.78139,-122.46806000000001,808.0,"MONTAGUE SISKIYOU AIRPORT, CA US",70.9,24,42.4,24,1015.9,24,923.8,24,10.0,24,3.2,24,18.1,24.1,90.0, ,51.1, ,0.0,G,999.9,0
331,745.0,2019-10-28,Los Angeles,34.098191,-118.47871699999999,72287493134,710,72287493134,2019-10-28,34.0236,-118.2911,54.6,"LOS ANGELES DOWNTOWN USC, CA US",66.3,24,45.6,24,1013.0,24,7.0,20,10.0,24,0.5,24,4.1,999.9,77.0, ,57.0, ,0.0,G,999.9,0
332,520.0,2019-09-14,Riverside,33.4853,-117.043723,99999953151,717,99999953151,2019-09-14,33.4392,-117.1904,347.5,"FALLBROOK 5 NE, CA US",81.3,24,9999.9,0,9999.9,0,999.9,0,999.9,0,999.9,0,999.9,999.9,98.1, ,70.3, ,0.0,G,999.9,0
333,448.0,2019-08-01,San Diego,32.575556,-117.02666699999999,72290023188,718,72290023188,2019-08-01,32.7336,-117.1831,4.6,"SAN DIEGO INTERNATIONAL AIRPORT, CA US",71.4,24,63.5,24,1015.5,24,14.6,24,9.7,24,5.5,24,13.0,15.9,77.0, ,64.9, ,0.0,G,999.9,0
334,350.0,2019-10-10,Riverside,33.975405,-117.20706799999999,72286023119,720,72286023119,2019-10-10,33.9,-117.25,468.2,"MARCH AFB, CA US",64.7,24,41.2,24,1011.3,24,956.8,15,9.4,24,5.6,24,17.1,21.0,81.3, ,45.0, ,0.0,G,999.9,0
335,328.0,2019-10-31,Riverside,33.985972,-117.414111,72033353175,721,72033353175,2019-10-31,33.89765,-117.60243,162.5,"CORONA MUNICIPAL AIRPORT, CA US",63.6,23,-1.0,23,1020.8,20,3.3,4,10.0,23,11.0,21,15.9,22.9,79.0, ,54.0, ,0.0,G,999.9,0
336,257.0,2019-06-02,Tulare,36.18479,-118.99229,72389523149,725,72389523149,2019-06-02,36.02944,-119.0625,134.7,"PORTERVILLE MUNICIPAL AIRPORT, CA US",75.3,23,53.2,23,1009.4,22,992.7,23,10.0,23,6.4,23,11.1,14.0,93.0, ,57.9, ,0.0,I,999.9,0
337,250.0,2019-09-07,Riverside,33.9369,-117.3063,72286023119,726,72286023119,2019-09-07,33.9,-117.25,468.2,"MARCH AFB, CA US",79.1,24,53.4,24,1014.0,24,960.4,24,10.0,24,5.0,24,14.0,20.0,96.8, ,63.0, ,0.0,G,999.9,0
338,240.0,2019-08-09,Alameda,37.708743,-121.841879,72492723285,727,72492723285,2019-08-09,37.6927,-121.8144,119.8,"LIVERMORE MUNICIPAL AIRPORT, CA US",67.0,24,52.2,24,1014.0,24,999.9,24,10.0,24,9.0,24,15.0,999.9,82.0, ,57.9, ,0.0,G,999.9,0
339,225.0,2019-08-12,Mendocino,39.005262,-123.195306,72590523275,728,72590523275,2019-08-12,39.12583,-123.20083000000001,183.2,"UKIAH MUNICIPAL AIRPORT, CA US",72.7,24,47.1,24,1015.5,24,993.5,24,10.0,24,2.9,24,8.9,18.1,93.9, ,53.1, ,0.0,G,999.9,0
340,220.0,2019-09-21,San Luis Obispo,35.214364,-120.45588300000001,72289793206,729,72289793206,2019-09-21,35.23722,-120.64138999999999,61.0,"SAN LUIS OBISPO MCCHESNEY FIELD, CA US",69.3,24,46.4,24,1011.8,24,4.5,24,10.0,24,4.9,24,17.1,999.9,91.0, ,55.9, ,0.0,G,999.9,0
341,213.0,2019-07-15,Madera,37.016944,-119.93416699999999,74504693242,731,74504693242,2019-07-15,36.98778,-120.11056,77.1,"MADERA MUNICIPAL AIRPORT, CA US",80.4,24,53.8,24,1013.3,24,4.5,24,10.0,24,6.9,24,11.1,999.9,100.9, ,61.0, ,0.0,G,999.9,0
342,210.0,2019-06-09,Santa Clara,37.21638,-121.70768000000001,72494693232,732,72494693232,2019-06-09,37.33333,-121.81667,40.5,"SAN JOSE REID HILLVIEW AIRPORT, CA US",79.4,14,40.5,14,9999.9,0,10.3,14,10.0,14,4.1,14,12.0,19.0,93.2,*,60.8,*,0.0,I,999.9,0
343,208.0,2019-07-21,Kern,34.900833299999995,-118.91833329999999,72383023187,733,72383023187,2019-07-21,34.7436,-118.7242,1374.6,"SANDBERG, CA US",69.1,20,46.3,20,1013.2,20,862.8,20,10.0,20,8.7,19,13.0,19.0,82.9,*,63.0,*,0.0,G,999.9,0
344,200.0,2019-10-11,Ventura,34.23955,-119.20187,72391093111,735,72391093111,2019-10-11,34.11667,-119.11667,4.0,"POINT MUGU NF, CA US",76.5,24,6.5,23,1013.4,24,12.9,24,10.0,24,14.3,24,19.0,28.9,88.0,*,70.0,*,0.0,I,999.9,0
345,200.0,2019-09-24,San Diego,32.787656,-116.806941,72290753143,736,72290753143,2019-09-24,32.82611,-116.9725,118.0,"GILLESPIE FIELD AIRPORT, CA US",69.7,24,55.4,24,9999.9,0,998.3,24,10.0,24,6.0,23,23.3,999.9,87.8,*,57.2,*,0.0,I,999.9,0
346,156.0,2019-08-03,Los Angeles,34.677864,-118.75239499999999,72383023187,742,72383023187,2019-08-03,34.7436,-118.7242,1374.6,"SANDBERG, CA US",75.6,24,40.3,24,1014.9,24,864.8,24,10.0,24,12.5,24,18.1,22.9,90.0, ,64.9, ,0.0,G,999.9,0
347,156.0,2019-07-28,San Bernardino,33.997528,-117.76976599999999,72032999999,743,72032999999,2019-07-28,34.111542,-117.68758899999999,438.6,"CABLE, CA US",83.3,24,56.0,24,9999.9,0,999.9,0,10.0,24,5.5,24,15.0,20.0,95.0,*,73.4,*,0.0,I,999.9,0
348,131.0,2019-08-24,Lassen,40.562,-120.544,72583799999,751,72583799999,2019-08-24,40.375694,-120.572694,1264.61,"SUSANVILLE MUNICIPAL, CA US",76.3,24,46.8,24,9999.9,0,873.6,24,10.0,24,5.3,24,14.0,20.0,93.2,*,55.4,*,0.0,I,999.9,0
349,128.0,2019-09-21,Santa Clara,37.467744,-121.842751,72494523293,754,72494523293,2019-09-21,37.3591,-121.92399999999999,15.5,"SAN JOSE INTERNATIONAL AIRPORT, CA US",71.2,24,50.1,24,1013.2,23,11.5,24,10.0,24,4.9,24,13.0,999.9,87.1, ,57.9, ,0.0,G,999.9,0
350,97.0,2019-10-25,San Diego,33.055124,-116.742508,74505653120,759,74505653120,2019-10-25,33.0375,-116.91583,424.6,"RAMONA AIRPORT, CA US",79.9,24,14.0,24,1014.7,23,966.5,21,9.8,24,14.3,24,18.1,27.0,89.1,*,75.0,*,0.0,G,999.9,0
351,95.0,2019-07-24,San Luis Obispo,35.004721999999994,-120.435278,72394023273,761,72394023273,2019-07-24,34.8994,-120.4486,73.8,"SANTA MARIA PUBLIC AIRPORT, CA US",65.3,24,56.8,24,1015.1,23,6.4,23,7.4,24,4.3,24,14.0,999.9,84.0, ,54.0, ,0.0,G,999.9,100000
352,94.0,2019-08-05,Riverside,33.740219,-117.33372800000001,72286023119,762,72286023119,2019-08-05,33.9,-117.25,468.2,"MARCH AFB, CA US",80.9,24,49.5,22,1012.6,24,959.1,24,10.0,24,4.6,24,11.1,15.9,102.4, ,59.4, ,0.0,G,999.9,0
353,85.0,2019-09-03,El Dorado,38.898915,-120.946657,72026723224,764,72026723224,2019-09-03,38.95472,-121.08193999999999,466.6,"AUBURN MUNICIPAL AIRPORT, CA US",106.2,15,74.6,15,9999.9,0,960.2,15,10.0,15,4.5,15,8.0,9.9,125.6,*,91.4,*,0.0,I,999.9,0
354,83.0,2019-07-27,Siskiyou,41.834365999999996,-122.65656899999999,72595524259,765,72595524259,2019-07-27,41.78139,-122.46806000000001,808.0,"MONTAGUE SISKIYOU AIRPORT, CA US",79.1,24,45.4,24,1020.1,20,928.0,21,7.1,24,7.5,24,18.1,20.0,98.1, ,60.1, ,0.0,G,999.9,0
355,80.0,2019-10-24,Butte,39.551423,-121.80053799999999,74504893210,768,74504893210,2019-10-24,39.49,-121.61833,57.9,"OROVILLE MUNICIPAL AIRPORT, CA US",73.8,23,24.2,23,1017.3,22,10.8,17,10.0,23,7.7,23,11.1,21.0,84.9, ,57.9, ,0.0,G,999.9,0
356,80.0,2019-08-25,Riverside,33.77777348,-117.487578,72033353175,769,72033353175,2019-08-25,33.89765,-117.60243,162.5,"CORONA MUNICIPAL AIRPORT, CA US",78.0,24,62.0,24,1013.4,23,994.9,23,9.8,24,6.2,22,13.0,21.0,95.0, ,57.9, ,0.0,G,999.9,0
357,80.0,2019-07-24,Santa Clara,37.433192,-121.807258,72494523293,770,72494523293,2019-07-24,37.3591,-121.92399999999999,15.5,"SAN JOSE INTERNATIONAL AIRPORT, CA US",73.3,24,57.0,24,1015.2,24,13.5,24,10.0,24,5.6,24,13.0,999.9,91.9, ,61.0, ,0.0,G,999.9,0
358,80.0,2019-06-25,Yuba,39.24678,-121.32399,72483793216,772,72483793216,2019-06-25,39.13333,-121.43333,38.1,"BEALE AFB, CA US",77.8,23,56.0,23,1007.2,23,3.0,23,9.7,23,4.4,23,8.9,999.9,94.5, ,61.3, ,0.0,I,999.9,0
359,80.0,2019-06-24,Yuba,39.24678,-121.32399,72483793216,773,72483793216,2019-06-24,39.13333,-121.43333,38.1,"BEALE AFB, CA US",81.0,24,53.2,24,1009.6,24,5.4,24,9.6,24,3.4,24,9.9,999.9,95.9, ,58.8, ,0.0,I,999.9,0
360,74.0,2019-07-02,Santa Clara,37.189040000000006,-121.69496799999999,72494693232,774,72494693232,2019-07-02,37.33333,-121.81667,40.5,"SAN JOSE REID HILLVIEW AIRPORT, CA US",71.7,13,49.7,13,9999.9,0,10.7,13,10.0,13,6.1,13,12.0,18.1,78.8,*,57.2,*,0.0,I,999.9,0
361,70.0,2019-06-08,Yuba,39.15641,-121.56363,72483793216,775,72483793216,2019-06-08,39.13333,-121.43333,38.1,"BEALE AFB, CA US",70.1,24,40.0,24,1015.0,24,10.7,24,9.9,24,15.4,24,27.0,33.0,85.6, ,51.3, ,0.0,I,999.9,0
362,67.0,2019-09-22,Calaveras,38.20177,-120.827386,72068199999,777,72068199999,2019-09-22,38.146118,-120.648172,403.86,"CALAVERAS CO MAURY RASMUSSEN FIELD, CA US",70.2,24,45.0,24,9999.9,0,999.9,0,10.0,24,3.1,24,8.0,999.9,87.1, ,52.7, ,0.0,I,999.9,0
363,65.0,2019-05-10,Placer,39.115359999999995,-120.76088,72584523225,778,72584523225,2019-05-10,39.2774,-120.7102,1608.1,"BLUE CANYON AIRPORT, CA US",55.7,24,22.6,24,1006.7,24,833.8,24,10.0,24,6.4,23,11.1,22.0,66.9, ,46.9, ,0.0,G,999.9,0
364,64.0,2019-07-22,Napa,38.481258000000004,-122.143942,72482893241,779,72482893241,2019-07-22,38.3775,-121.9575,33.2,"VACAVILLE NUT TREE AIRPORT, CA US",81.0,24,56.1,24,1011.9,24,7.9,24,10.0,24,3.3,24,8.0,14.0,99.0, ,57.9, ,0.0,G,999.9,0
365,63.0,2019-05-20,Tehama,39.98097,-122.30736999999999,72591024216,780,72591024216,2019-05-20,40.1519,-122.2536,107.6,"RED BLUFF MUNICIPAL AIRPORT, CA US",55.8,24,45.8,24,1012.1,23,999.6,24,10.0,24,5.9,24,17.1,24.1,68.0, ,48.9, ,0.18,G,999.9,10000
366,60.0,2019-08-15,Santa Clara,37.219716999999996,-121.761974,72494523293,781,72494523293,2019-08-15,37.3591,-121.92399999999999,15.5,"SAN JOSE INTERNATIONAL AIRPORT, CA US",82.5,24,55.6,24,1012.8,24,11.2,24,10.0,24,4.8,24,15.0,999.9,99.0, ,64.9, ,0.0,G,999.9,0
367,52.0,2019-09-25,San Diego,32.87833333,-116.88,72290753143,783,72290753143,2019-09-25,32.82611,-116.9725,118.0,"GILLESPIE FIELD AIRPORT, CA US",72.7,23,61.8,23,9999.9,0,995.7,23,9.3,23,3.5,23,9.9,11.1,80.6,*,66.2,*,0.0,I,999.9,0
368,50.0,2019-08-02,Sacramento,38.622058,-121.11409499999999,72483323206,786,72483323206,2019-08-02,38.56667,-121.3,30.2,"SACRAMENTO MATHER AFB, CA US",75.1,20,55.7,20,9999.9,0,11.2,20,10.0,20,5.7,20,11.1,13.0,95.0,*,57.2,*,0.0,I,999.9,0
369,47.0,2019-07-15,Santa Clara,37.32555556,-121.76444444,72494523293,788,72494523293,2019-07-15,37.3591,-121.92399999999999,15.5,"SAN JOSE INTERNATIONAL AIRPORT, CA US",71.2,24,57.5,24,1016.0,24,14.3,24,10.0,24,5.9,24,15.9,999.9,84.9, ,57.9, ,0.0,G,999.9,0
370,47.0,2019-06-10,Tulare,35.89593,-118.94106000000001,72389523149,789,72389523149,2019-06-10,36.02944,-119.0625,134.7,"PORTERVILLE MUNICIPAL AIRPORT, CA US",81.7,23,51.2,23,1015.9,23,999.3,23,10.0,23,5.4,23,9.9,999.9,102.0, ,55.9, ,0.0,I,999.9,0
371,45.0,2019-05-30,Riverside,33.69078,-114.57265,74718823158,791,74718823158,2019-05-30,33.6186,-114.7142,120.4,"BLYTHE ASOS, CA US",83.8,23,37.3,23,1007.3,23,993.8,23,10.0,23,6.5,23,17.1,21.0,98.1, ,64.0, ,0.0,G,999.9,0
372,42.0,2019-10-21,Los Angeles,34.055768,-118.55409099999999,72288023152,792,72288023152,2019-10-21,34.200559999999996,-118.3575,225.9,"BURBANK GLENDALE PASADENA AIRPORT, CA US",75.5,24,32.2,24,1013.3,24,988.1,24,10.0,24,2.3,24,8.9,999.9,91.0, ,60.1, ,0.0,G,999.9,0
373,35.0,2019-06-10,Santa Clara,37.44422,-121.84082,72494523293,797,72494523293,2019-06-10,37.3591,-121.92399999999999,15.5,"SAN JOSE INTERNATIONAL AIRPORT, CA US",82.6,24,50.9,24,1014.6,24,13.0,24,10.0,24,4.0,24,11.1,999.9,100.0, ,59.0, ,0.0,G,999.9,0
374,34.0,2019-09-12,Riverside,33.854597,-117.27014399999999,72286023119,798,72286023119,2019-09-12,33.9,-117.25,468.2,"MARCH AFB, CA US",74.6,21,50.1,21,1014.1,21,960.2,21,8.9,21,3.6,21,14.0,18.1,98.1, ,51.6, ,0.0,G,999.9,0
375,33.0,2019-08-10,Yolo,39.171091,-121.423281,72483793216,799,72483793216,2019-08-10,39.13333,-121.43333,38.1,"BEALE AFB, CA US",74.6,24,56.9,24,1012.2,24,7.9,24,9.9,24,8.2,24,13.0,15.0,86.7, ,57.7, ,0.0,H,999.9,10000
376,30.0,2019-09-26,Solano,38.07944444,-122.25611111,72495593227,800,72495593227,2019-09-26,38.2102,-122.2847,4.3,"NAPA CO AIRPORT, CA US",72.5,24,58.5,24,1008.8,24,7.6,24,10.0,24,8.7,24,19.0,22.9,96.1, ,55.0, ,0.0,G,999.9,0
377,24.0,2019-06-07,Solano,38.21416,-122.12213999999999,72482893241,812,72482893241,2019-06-07,38.3775,-121.9575,33.2,"VACAVILLE NUT TREE AIRPORT, CA US",67.0,24,39.8,24,1013.8,24,9.7,24,10.0,24,8.8,24,17.1,22.9,84.0, ,50.0, ,0.0,G,999.9,0
378,19.0,2019-11-01,Riverside,33.849906,-117.46136299999999,72033353175,820,72033353175,2019-11-01,33.89765,-117.60243,162.5,"CORONA MUNICIPAL AIRPORT, CA US",59.8,22,9.8,21,1018.5,19,999.6,13,10.0,22,4.8,19,9.9,15.9,88.0, ,32.0, ,0.0,G,999.9,0
379,19.0,2019-08-31,Alameda,37.718636,-121.65701100000001,72492723285,822,72492723285,2019-08-31,37.6927,-121.8144,119.8,"LIVERMORE MUNICIPAL AIRPORT, CA US",72.8,24,54.4,24,1013.3,24,999.2,24,10.0,24,3.8,24,12.0,999.9,97.0, ,55.0, ,0.0,G,999.9,0
380,17.0,2019-06-14,Siskiyou,41.64895,-122.35961999999999,72595524259,827,72595524259,2019-06-14,41.78139,-122.46806000000001,808.0,"MONTAGUE SISKIYOU AIRPORT, CA US",75.7,24,43.1,24,1013.5,24,921.8,24,9.8,24,6.7,24,17.1,22.0,93.9, ,54.0, ,0.0,G,999.9,0
381,12.0,2019-10-08,Alameda,37.606,-121.853,72492723285,830,72492723285,2019-10-08,37.6927,-121.8144,119.8,"LIVERMORE MUNICIPAL AIRPORT, CA US",68.7,24,39.5,24,1011.4,24,997.3,24,10.0,24,3.2,24,12.0,999.9,91.0, ,48.9, ,0.0,G,999.9,0
382,12.0,2019-06-29,Butte,39.32889,-121.23431000000001,72483793216,831,72483793216,2019-06-29,39.13333,-121.43333,38.1,"BEALE AFB, CA US",72.7,24,45.6,24,1015.2,24,10.9,23,9.8,24,4.1,24,9.9,999.9,88.9, ,55.0, ,0.0,I,999.9,0
383,11.0,2019-10-21,San Bernardino,34.033117,-117.21545,72286023119,832,72286023119,2019-10-21,33.9,-117.25,468.2,"MARCH AFB, CA US",68.4,23,26.1,23,1015.2,23,961.0,23,10.0,23,2.4,23,6.0,999.9,89.6, ,44.8, ,0.0,G,999.9,0
384,11.0,2019-10-07,Tehama,40.314187,-122.07005500000001,72591024216,833,72591024216,2019-10-07,40.1519,-122.2536,107.6,"RED BLUFF MUNICIPAL AIRPORT, CA US",68.4,24,34.4,24,1015.3,24,2.8,24,10.0,24,4.5,24,8.9,999.9,89.1, ,50.0, ,0.0,G,999.9,0
385,11.0,2019-09-13,Stanislaus,37.492002,-120.401028,72481023203,834,72481023203,2019-09-13,37.38333,-120.56667,58.2,"CASTLE AFB, CA US",76.7,22,50.2,22,9999.9,0,7.9,21,10.0,22,2.4,21,8.0,999.9,102.2,*,55.4,*,0.0,I,999.9,0
386,10.0,2019-10-15,San Diego,32.762706,-117.09744099999999,72290023188,836,72290023188,2019-10-15,32.7336,-117.1831,4.6,"SAN DIEGO INTERNATIONAL AIRPORT, CA US",66.0,24,59.0,24,1014.9,24,13.9,24,9.8,24,4.7,24,12.0,15.9,75.9, ,57.0, ,0.0,G,999.9,0
387,10.0,2019-09-25,Amador,38.332083000000004,-120.67131,72068199999,837,72068199999,2019-09-25,38.146118,-120.648172,403.86,"CALAVERAS CO MAURY RASMUSSEN FIELD, CA US",76.5,24,46.6,24,9999.9,0,999.9,0,10.0,24,2.4,24,7.0,999.9,93.6, ,57.4, ,0.0,I,999.9,0
388,10.0,2019-07-23,Butte,39.423833,-121.57973799999999,74504893210,838,74504893210,2019-07-23,39.49,-121.61833,57.9,"OROVILLE MUNICIPAL AIRPORT, CA US",85.5,24,55.4,24,1013.3,24,6.2,24,10.0,24,6.1,24,12.0,999.9,100.9, ,68.0, ,0.0,G,999.9,0
389,10.0,2019-06-16,Siskiyou,41.946220000000004,-122.40156999999999,72595524259,839,72595524259,2019-06-16,41.78139,-122.46806000000001,808.0,"MONTAGUE SISKIYOU AIRPORT, CA US",74.0,24,38.5,24,1013.0,24,921.3,24,10.0,24,6.9,24,15.0,22.0,93.9, ,48.0, ,0.0,G,999.9,0
